ID,is_invalid,age,nascimento,age2,genero,estado_civil,etinia,familia,orientacao_sexual,atividade,Q1,Q2,Q3,Q4,Q5,Q6,Q7,Q8,Q9,Q10,Q11,Q12,Q13,Q14,Q15,Q16,Q17,Q18,Q19,Q20,Q21,Q22,Q23,Q24,Q25,Q26,Q27,Q28,Q29,Q30,Q31,Q32,Q33,Q34,Q35,Q36,IRV
P001,FALSE,Menos de 18,38432,NA,Feminino,Solteiro(a),Branco,Classe baixa,Homossexual,Atividades que Fez nesta semana para aprender Vetor Velocidade e Vetor Aceleração,5,4,4,4,3,4,3,5,3,5,4,2,2,4,3,3,2,4,1,5,4,4,4,4,2,4,3,5,1,5,3,4,4,5,3,5,1.128280050792299
P002,FALSE,25-34,35063,NA,Masculino,Solteiro(a),Branco,Classe média,Heterossexual,Evento CTF - StarsCTF,4,4,3,4,3,3,3,4,3,4,4,2,2,5,4,3,3,4,3,4,3,3,4,4,4,3,3,5,4,4,4,3,4,5,4,4,0.7281199970875198
P003,FALSE,Menos de 18,37441,NA,Masculino,Solteiro(a),Branco,Classe média,Heterossexual,Leitura da história:  As aventuras de Oxy e Geny - Uma aventura pelo sistema cardiovascular humano.,4,2,4,4,5,5,4,3,2,1,3,2,4,4,5,4,3,4,1,5,4,5,4,4,4,5,3,5,4,5,4,5,3,4,3,5,1.1240516284815667
P004,FALSE,18-24,37206,NA,Masculino,Solteiro(a),Branco,Classe média,Heterossexual,Evento CTF - StarsCTF,2,4,3,3,4,4,4,4,4,4,4,2,2,2,4,4,4,4,4,3,3,2,2,2,4,4,4,4,4,3,4,4,4,4,4,3,0.8086830367753824
P005,FALSE,Menos de 18,38259,NA,Feminino,Solteiro(a),Branco,Classe média,Heterossexual,Atividades que Fez nesta semana para aprender Vetor Velocidade e Vetor Aceleração,4,4,4,4,2,3,2,3,4,4,4,3,2,2,2,2,2,4,2,3,2,3,3,4,2,3,2,2,4,2,2,3,4,2,4,4,0.8926507698004845
P006,FALSE,Menos de 18,39119,NA,Masculino,Solteiro(a),Branco,Classe alta,Heterossexual,Aplicativo Question,4,4,3,4,4,3,4,4,4,4,4,1,2,4,4,4,4,4,4,5,4,1,5,4,5,5,5,5,1,5,4,5,4,5,4,5,1.105182596419511
P007,FALSE,Menos de 18,39176,NA,Feminino,Solteiro(a),Branco,Classe média alta,Heterossexual,Aplicativo Question,4,4,3,2,4,3,4,3,2,3,3,2,3,3,3,3,3,3,3,4,4,4,3,3,3,4,2,2,3,3,2,3,3,4,3,3,0.6491753010001008
P008,FALSE,Menos de 18,38447,NA,Feminino,Solteiro(a),Branco,Classe média,Heterossexual,Atividades que Fez nesta semana para aprender Vetor Velocidade e Vetor Aceleração,4,4,2,3,2,2,4,3,2,4,4,2,1,3,3,2,3,3,3,4,3,1,4,3,2,3,3,2,2,4,4,4,4,4,4,4,0.9407022031018292
P009,FALSE,Menos de 18,38433,NA,Masculino,Solteiro(a),Pardo,Classe média baixa,Heterossexual,Atividades que Fez nesta semana para aprender Vetor Velocidade e Vetor Aceleração,4,4,2,3,3,4,3,2,2,4,3,3,3,4,3,2,3,2,2,4,3,3,3,4,3,2,4,2,2,4,3,4,3,2,2,5,0.8446845940894527
P010,FALSE,18-24,36035,NA,Masculino,Solteiro(a),Branco,Classe média,Heterossexual,StarsCTF - dia 26,4,4,3,4,4,3,4,2,4,5,4,3,3,4,5,5,3,2,5,5,4,3,4,4,4,4,3,2,5,5,5,5,4,2,5,5,0.9791476695218951
P011,FALSE,35-44,28977,NA,Masculino,Casado(a),Branco,Classe média,Heterossexual,Leitura da história:  As aventuras de Oxy e Geny - Uma aventura pelo sistema cardiovascular humano.,4,4,4,4,3,2,4,3,2,3,4,3,3,4,4,3,3,3,2,2,4,3,4,4,4,3,4,2,2,2,4,3,3,3,2,3,0.7745966692414834
P012,FALSE,Menos de 18,38533,NA,Feminino,Solteiro(a),Branco,Classe média baixa,Heterossexual,Atividades que Fez nesta semana para aprender Vetor Velocidade e Vetor Aceleração,4,3,3,4,2,3,3,3,4,5,4,3,3,5,4,4,4,3,5,5,3,3,4,5,3,5,4,3,4,5,3,5,4,3,4,5,0.8558853209044324
P013,FALSE,Menos de 18,38295,NA,Masculino,Solteiro(a),Branco,Classe média,Heterossexual,Atividades que Fez nesta semana para aprender Vetor Velocidade e Vetor Aceleração,4,4,3,4,3,1,4,3,3,4,4,2,4,4,4,4,4,2,3,4,3,3,4,4,4,4,4,2,3,4,3,4,4,2,3,4,0.806225774829855
P014,FALSE,Mais de 55,8445,NA,Masculino,Casado(a),Branco,Classe média baixa,Prefiro não declarar,identificar coordenadas catesianas,3,4,4,3,2,1,2,1,4,4,2,2,4,4,2,2,3,3,2,4,2,3,3,3,3,2,2,3,2,1,4,5,4,2,2,4,1.037013416208694
P015,FALSE,25-34,34904,NA,Feminino,Solteiro(a),Branco,Classe média alta,Heterossexual,Breve aula sobre ergonomia para educadores,4,4,4,4,3,4,4,3,3,4,4,4,4,4,4,4,4,3,4,4,4,4,4,4,4,4,4,3,3,4,4,4,4,3,3,4,0.4216370213557822
P016,FALSE,Menos de 18,38519,NA,Feminino,Solteiro(a),Branco,Classe média,Bissexual,Atividades que Fez nesta semana para aprender Vetor Velocidade e Vetor Aceleração,4,4,4,4,4,2,4,4,4,4,4,4,3,4,3,4,4,4,4,4,3,4,4,4,4,4,4,4,4,4,4,4,4,4,4,5,0.464621368291446
P017,FALSE,Menos de 18,38242,NA,Feminino,Solteiro(a),Branco,Classe média,Heterossexual,Atividades que Fez nesta semana para aprender Vetor Velocidade e Vetor Aceleração,4,3,2,4,2,2,2,1,4,4,4,4,2,4,3,2,2,2,4,2,3,4,2,3,4,4,2,1,3,3,2,4,2,4,4,5,1.0552213338878549
P018,FALSE,Menos de 18,38209,NA,Masculino,Solteiro(a),Branco,Classe média,Heterossexual,Atividades que Fez nesta semana para aprender Vetor Velocidade e Vetor Aceleração,4,5,4,4,5,1,4,2,4,5,4,2,4,5,4,3,4,2,4,5,4,3,4,4,4,4,5,2,4,5,4,4,4,2,5,5,1.0555973258234952
P019,FALSE,Menos de 18,38408,NA,Feminino,Solteiro(a),Não me identifico,Classe média baixa,Prefiro não declarar,Atividades que Fez nesta semana para aprender Vetor Velocidade e Vetor Aceleração,4,4,4,4,3,2,4,4,4,4,4,3,4,4,3,4,4,4,4,4,3,4,4,4,4,4,4,4,4,4,3,4,3,4,4,4,0.4846861199999784
P020,FALSE,35-44,29319,NA,Masculino,Solteiro(a),Pardo,Classe baixa,Heterossexual,Evento CTF - StarsCTF,3,2,3,4,4,4,3,5,4,4,3,2,2,4,4,4,4,5,5,4,3,4,2,4,3,5,4,5,5,4,4,4,4,1,5,4,1.0031695800557383
P021,FALSE,Menos de 18,38421,NA,Feminino,Solteiro(a),Pardo,Classe média,Heterossexual,Atividades que Fez nesta semana para aprender Vetor Velocidade e Vetor Aceleração,4,4,3,4,3,2,3,1,3,3,4,2,2,4,4,2,3,1,3,4,3,2,3,4,3,2,2,1,2,4,4,3,3,1,3,4,0.9900296612519899
P022,FALSE,35-44,28193,NA,Feminino,Casado(a),Branco,Classe média,Heterossexual,Leitura da história:  As aventuras de Oxy e Geny - Uma aventura pelo sistema cardiovascular humano.,4,4,5,5,4,4,5,3,3,4,4,3,4,4,4,4,4,3,3,4,4,4,4,4,4,4,4,3,3,4,5,5,4,3,3,5,0.6491753010001008
P023,FALSE,Menos de 18,38455,NA,Feminino,Solteiro(a),Branco,Classe média,Heterossexual,Atividades que Fez nesta semana para aprender Vetor Velocidade e Vetor Aceleração,5,5,5,5,4,1,5,4,1,5,5,3,5,5,5,4,4,4,4,5,5,4,4,4,5,4,5,4,2,5,5,5,5,5,2,5,1.1307393283031366
P024,FALSE,Menos de 18,38341,NA,Masculino,Solteiro(a),Branco,Classe média,Heterossexual,Atividades que Fez nesta semana para aprender Vetor Velocidade e Vetor Aceleração,4,4,4,4,4,3,4,4,3,5,3,4,3,5,4,5,4,4,3,3,4,4,3,4,3,4,4,4,3,5,3,4,4,5,3,5,0.6825489109748952
P025,FALSE,Menos de 18,38340,NA,Masculino,Solteiro(a),Branco,Classe alta,Heterossexual,Atividades que Fez nesta semana para aprender Vetor Velocidade e Vetor Aceleração,4,4,2,2,3,4,5,4,4,2,4,4,3,4,4,2,4,3,3,4,4,4,4,2,2,3,4,4,3,5,4,3,2,3,4,4,0.8765009801785557
P027,FALSE,Menos de 18,38284,NA,Masculino,Solteiro(a),Branco,Classe média,Heterossexual,Atividades que Fez nesta semana para aprender Vetor Velocidade e Vetor Aceleração,5,3,3,4,3,2,3,2,4,5,4,2,2,5,3,2,3,2,4,5,3,2,3,3,4,3,3,2,2,5,4,2,4,2,4,5,1.0790207200446682
P028,FALSE,Menos de 18,38616,NA,Masculino,Solteiro(a),Branco,Classe média,Prefiro não declarar,Atividades que Fez nesta semana para aprender Vetor Velocidade e Vetor Aceleração,3,3,3,3,2,1,3,1,3,3,1,3,3,1,1,1,3,1,3,3,3,3,3,2,1,1,3,1,3,3,2,1,3,1,3,3,0.9373214115613857
P029,FALSE,Menos de 18,38316,NA,Masculino,Solteiro(a),Branco,Classe média baixa,Heterossexual,Atividades que Fez nesta semana para aprender Vetor Velocidade e Vetor Aceleração,5,4,4,5,4,4,4,4,3,4,4,1,4,4,4,4,4,4,3,4,3,4,4,4,4,4,4,4,3,4,4,4,5,4,3,5,0.7082282835267886
P030,FALSE,18-24,36441,NA,Masculino,Solteiro(a),Branco,Classe média,Heterossexual,Evento CTF - StarsCTF,3,3,2,4,3,2,4,2,4,5,3,1,2,4,4,4,4,3,3,5,2,2,4,4,4,4,4,2,4,5,4,4,4,2,4,5,1.0522085616183026
P031,FALSE,Menos de 18,38175,NA,Feminino,Solteiro(a),Branco,Classe baixa,Prefiro não declarar,Atividades que Fez nesta semana para aprender Vetor Velocidade e Vetor Aceleração,4,5,3,4,4,1,4,3,3,4,4,2,2,4,3,4,4,2,4,4,4,2,4,4,3,4,4,3,2,4,3,5,5,3,3,4,0.9407022031018292
P032,FALSE,25-34,34730,NA,Feminino,Solteiro(a),Pardo,Classe média baixa,Heterossexual,Leitura da história: As aventuras de Oxy e Geny - Uma aventura pelo sistema cardiovascular humano.,4,4,2,4,4,2,4,4,4,4,4,2,2,4,4,4,4,4,4,4,4,2,4,4,2,4,4,4,4,4,2,4,4,4,4,4,0.8027729719194862
P033,FALSE,35-44,30962,NA,Feminino,Solteiro(a),Branco,Classe média,Heterossexual,Breve aula sobre ergonomia para educadores,5,4,4,4,4,2,4,4,3,4,4,4,4,4,4,4,4,2,3,4,3,4,5,4,4,4,4,4,3,4,4,4,4,4,3,5,0.6546536707079771
P034,FALSE,Menos de 18,38214,NA,Masculino,Solteiro(a),Pardo,Classe média baixa,Heterossexual,Atividades que Fez nesta semana para aprender Vetor Velocidade e Vetor Aceleração,4,4,2,4,4,2,2,4,4,4,4,1,2,4,4,4,2,4,4,4,3,2,4,4,4,4,4,4,4,4,4,4,4,4,4,4,0.8765009801785557
P035,FALSE,Menos de 18,38252,NA,Masculino,Solteiro(a),Branco,Classe média baixa,Heterossexual,Atividades que Fez nesta semana para aprender Vetor Velocidade e Vetor Aceleração,5,5,4,5,3,3,4,4,4,5,4,3,3,5,4,3,4,4,3,4,3,4,5,4,3,3,4,5,4,5,3,4,5,5,3,5,0.7928249671720918
P036,FALSE,Menos de 18,38424,NA,Feminino,Solteiro(a),Pardo,Classe média baixa,Bissexual,Atividades que Fez nesta semana para aprender Vetor Velocidade e Vetor Aceleração,5,5,3,5,5,4,5,3,3,5,5,5,4,5,5,4,4,4,3,5,5,3,5,5,5,5,5,3,3,5,5,4,5,4,3,5,0.8333333333333331
P037,FALSE,Menos de 18,38427,NA,Feminino,Solteiro(a),Branco,Classe média baixa,Heterossexual,Atividades que Fez nesta semana para aprender Vetor Velocidade e Vetor Aceleração,4,2,3,4,4,2,4,2,2,5,4,2,2,4,4,3,4,3,1,4,3,2,4,4,4,4,4,2,1,5,3,4,4,3,1,5,1.1491888098284462
P038,FALSE,Menos de 18,38305,NA,Masculino,Solteiro(a),Branco,Classe média,Heterossexual,Atividades que Fez nesta semana para aprender Vetor Velocidade e Vetor Aceleração,4,2,3,4,1,1,2,2,4,3,2,1,2,4,2,2,4,2,2,4,2,2,3,4,2,3,4,3,2,4,2,4,4,3,4,4,1.037013416208694
P039,FALSE,35-44,31277,NA,Feminino,Casado(a),Branco,Classe média,Heterossexual,Aplicativo Question,5,5,5,5,4,5,2,5,5,5,5,5,3,5,5,5,5,5,5,5,5,5,5,5,5,5,5,5,5,5,2,5,5,5,5,5,0.7699721701835351
P040,FALSE,Menos de 18,38293,NA,Feminino,Solteiro(a),Branco,Classe média alta,Prefiro não declarar,Atividades que Fez nesta semana para aprender Vetor Velocidade e Vetor Aceleração,4,4,3,3,3,3,4,3,3,4,4,3,3,4,3,2,3,2,3,3,4,3,4,4,3,2,3,2,3,3,2,3,4,3,3,4,0.6546536707079771
P041,FALSE,35-44,30065,NA,Masculino,Casado(a),Branco,Classe média,Heterossexual,StarsCTF - dia 26,4,3,3,4,3,3,3,4,3,2,3,4,2,4,4,2,3,4,3,2,3,2,4,4,4,2,3,4,2,3,4,2,4,4,2,2,0.8203754463755437
P042,FALSE,Menos de 18,38548,NA,Masculino,Solteiro(a),Pardo,Classe média,Heterossexual,Atividades que Fez nesta semana para aprender Vetor Velocidade e Vetor Aceleração,3,3,3,3,3,4,3,2,4,2,3,3,3,3,3,3,3,3,2,2,2,2,3,2,3,3,3,3,4,3,3,3,3,2,4,2,0.5929479754475102
P043,FALSE,Menos de 18,38418,NA,Feminino,Solteiro(a),Branco,Classe média,Heterossexual,A utilização do Kahoot!,4,3,3,3,4,2,3,4,5,3,4,2,2,4,3,5,3,4,5,3,3,2,3,4,4,4,4,5,4,4,3,5,3,5,4,3,0.9063269671749657
P044,FALSE,Menos de 18,38871,NA,Feminino,Solteiro(a),Branco,Classe média,Heterossexual,Quiz no Google Form,3,1,1,3,3,1,3,5,5,3,1,5,5,5,3,3,3,1,5,3,1,1,3,5,1,5,3,3,5,3,3,1,1,3,3,4,1.4829721336580635
P045,FALSE,Menos de 18,38295,NA,Masculino,Solteiro(a),Branco,Classe média,Heterossexual,Atividades que Fez nesta semana para aprender Vetor Velocidade e Vetor Aceleração,4,4,3,4,3,3,4,2,3,3,4,5,3,4,4,3,4,2,3,3,4,3,3,4,4,2,3,2,3,4,3,4,3,2,3,4,0.7490735018081415
P046,FALSE,Menos de 18,38566,NA,Masculino,Solteiro(a),Branco,Classe média baixa,Heterossexual,Atividades que Fez nesta semana para aprender Vetor Velocidade e Vetor Aceleração,4,5,4,4,3,1,4,2,1,4,4,4,3,4,4,3,3,3,2,4,3,4,4,4,3,3,3,2,1,4,4,3,4,3,1,5,1.0790207200446682
P047,FALSE,25-34,31907,NA,Masculino,Solteiro(a),Branco,Classe média,Heterossexual,StarsCTF - dia 26,4,4,3,4,4,4,4,3,4,4,3,3,3,4,4,4,4,4,4,4,3,4,4,4,4,4,4,3,4,4,4,4,4,3,4,4,0.4216370213557822
P048,FALSE,Menos de 18,38174,NA,Feminino,Solteiro(a),Não me identifico,Classe média baixa,Heterossexual,Atividades que Fez nesta semana para aprender Vetor Velocidade e Vetor Aceleração,4,4,3,4,4,5,4,2,4,3,4,3,3,5,5,2,4,2,4,4,4,3,5,5,4,3,4,2,3,4,5,4,5,3,4,4,0.9063269671749657
P049,FALSE,Menos de 18,38519,NA,Feminino,Solteiro(a),Branco,Classe média,Bissexual,Atividades que Fez nesta semana para aprender Vetor Velocidade e Vetor Aceleração,4,4,4,4,4,2,4,3,4,4,5,3,4,3,4,4,4,4,4,4,3,4,4,3,4,4,4,3,4,4,5,4,4,3,4,4,0.5766625378327287
P050,FALSE,Menos de 18,37428,NA,Masculino,Solteiro(a),Branco,Classe média,Heterossexual,StarsCTF - dia 26,4,4,3,4,4,3,4,3,4,5,4,2,3,4,4,3,3,3,4,4,4,2,4,4,4,3,3,2,4,5,4,4,4,3,4,5,0.7616815149120594
P051,FALSE,Menos de 18,38236,NA,Feminino,Solteiro(a),Branco,Classe média,Heterossexual,Atividades que Fez nesta semana para aprender Vetor Velocidade e Vetor Aceleração,4,1,2,2,2,4,3,3,3,3,3,3,3,3,2,2,2,2,3,3,2,4,3,2,2,2,3,3,3,3,2,2,4,3,3,2,0.7171371656006361
P052,FALSE,Menos de 18,38366,NA,Feminino,Solteiro(a),Branco,Classe média,Heterossexual,Atividades que Fez nesta semana para aprender Vetor Velocidade e Vetor Aceleração,4,4,3,4,4,1,3,4,2,3,4,3,3,4,4,4,3,2,2,3,3,2,3,4,4,4,3,4,3,4,5,4,4,4,2,4,0.8669413484125101
P053,FALSE,Menos de 18,38369,NA,Feminino,Solteiro(a),Negro,Classe média,Heterossexual,A utilização do Kahoot!,4,2,4,2,3,1,4,1,5,4,2,3,3,5,4,4,3,2,5,2,2,2,2,4,3,5,3,5,5,4,3,5,4,4,5,4,1.2276574673510756
P054,FALSE,18-24,36777,NA,Masculino,Solteiro(a),Pardo,Classe baixa,Heterossexual,Evento CTF - StarsCTF,5,5,5,5,5,5,5,5,5,5,5,5,5,5,5,5,5,5,5,5,5,5,5,5,5,5,5,5,5,5,5,5,5,2,5,5,0.5
P055,FALSE,Menos de 18,38094,NA,Feminino,Solteiro(a),Amarelo,Classe média,Heterossexual,A utilização do Kahoot!,4,4,2,4,3,1,4,1,4,4,3,2,2,5,4,4,3,1,5,5,4,2,4,4,4,4,3,1,3,5,3,4,4,1,4,4,1.2379578678370615
P056,FALSE,Menos de 18,39063,NA,Feminino,Solteiro(a),Branco,Classe média,Heterossexual,Quiz no Google Form,2,3,3,3,3,3,3,3,3,3,3,2,3,3,3,3,3,3,3,3,3,3,3,3,3,3,3,3,3,3,3,5,4,5,3,3,0.5542047068934521
P057,FALSE,Menos de 18,38396,NA,Feminino,Solteiro(a),Branco,Classe média alta,Heterossexual,Atividades que Fez nesta semana para aprender Vetor Velocidade e Vetor Aceleração,5,4,2,5,4,4,4,3,1,4,5,3,3,5,4,4,5,3,3,5,4,3,4,5,5,4,5,3,2,5,4,4,5,4,1,4,1.1084094137869043
P058,FALSE,25-34,34845,NA,Feminino,Solteiro(a),Branco,Classe baixa,Heterossexual,Evento CTF - StarsCTF,3,2,2,2,2,2,3,4,3,4,2,3,2,3,3,3,3,4,3,3,2,2,3,3,2,3,2,4,3,4,3,3,3,4,3,3,0.6825489109748952
P059,FALSE,Menos de 18,38306,NA,Masculino,Solteiro(a),Branco,Classe média baixa,Bissexual,Atividades que Fez nesta semana para aprender Vetor Velocidade e Vetor Aceleração,5,5,4,5,4,4,5,4,5,5,5,2,4,5,5,5,4,2,5,5,4,4,4,5,5,5,5,4,5,5,4,5,5,4,5,5,0.7745966692414834
P060,FALSE,Menos de 18,38253,NA,Masculino,Solteiro(a),Pardo,Classe média,Heterossexual,Atividades que Fez nesta semana para aprender Vetor Velocidade e Vetor Aceleração,5,5,3,5,4,2,4,3,3,5,5,1,3,5,4,4,4,3,3,5,3,3,5,5,4,4,5,3,3,5,4,4,5,3,3,5,1.0358647947564743
P061,FALSE,25-34,34631,NA,Feminino,Casado(a),Pardo,Classe média,Heterossexual,Breve aula sobre ergonomia para educadores,3,3,3,2,2,3,3,4,3,3,3,3,2,2,2,2,2,4,3,3,3,3,2,3,3,2,2,4,3,3,2,2,2,4,3,3,0.6491753010001008
P062,FALSE,Menos de 18,39142,NA,Feminino,Solteiro(a),Branco,Classe média,Heterossexual,Aplicativo Question,4,2,2,4,3,2,3,4,2,3,2,3,3,4,3,5,5,3,3,3,3,3,2,3,3,4,4,4,2,3,4,4,4,4,5,4,0.8886408384057872
P063,FALSE,Menos de 18,38082,NA,Feminino,Solteiro(a),Branco,Classe média,Bissexual,A utilização do Kahoot!,3,3,2,3,2,2,3,3,4,2,3,4,4,4,2,2,3,3,4,2,2,3,3,3,2,2,3,3,3,3,2,1,3,2,4,4,0.78629127443586
P064,FALSE,18-24,37143,NA,Masculino,Solteiro(a),Branco,Classe média,Heterossexual,StarsCTF - dia 26,3,3,2,4,4,2,3,5,4,5,2,2,2,4,4,4,2,4,4,5,4,2,4,4,4,4,4,5,4,5,5,4,3,5,4,4,1.009085709072311
P065,FALSE,18-24,36035,NA,Masculino,Solteiro(a),Branco,Classe média,Heterossexual,Evento CTF - StarsCTF,4,4,4,4,4,2,4,1,5,4,4,3,4,4,4,4,4,2,4,4,4,3,3,4,4,4,4,1,4,5,4,4,4,2,4,5,0.9561828874675149
P066,FALSE,35-44,30065,NA,Masculino,Casado(a),Branco,Classe média,Heterossexual,Evento CTF - StarsCTF,4,4,3,3,4,2,3,3,2,4,3,4,3,4,4,2,3,3,2,4,3,3,4,4,4,2,3,3,2,4,4,2,4,2,3,3,0.7745966692414834
P067,FALSE,18-24,36848,NA,Masculino,Solteiro(a),Branco,Classe média baixa,Heterossexual,StarsCTF - dia 26,4,3,3,3,3,4,3,3,4,5,4,3,3,4,4,5,4,3,4,5,4,3,4,4,4,4,4,3,2,5,3,4,3,4,4,5,0.7410845762842115
P068,FALSE,Menos de 18,38493,NA,Masculino,Solteiro(a),Branco,Classe média baixa,Heterossexual,Atividades que Fez nesta semana para aprender Vetor Velocidade e Vetor Aceleração,5,4,3,5,4,2,4,4,5,5,5,2,2,4,3,4,3,3,5,5,4,3,5,4,3,4,4,4,5,5,3,5,4,5,4,5,0.9561828874675149
P069,FALSE,18-24,36526,NA,Masculino,Solteiro(a),Branco,Classe baixa,Heterossexual,StarsCTF - dia 26,4,2,3,2,4,4,3,2,4,5,2,3,3,4,4,3,2,2,4,4,2,2,3,3,3,4,2,2,4,5,4,4,2,4,4,5,0.996422170998389
P070,FALSE,Menos de 18,38306,NA,Masculino,Solteiro(a),Branco,Classe baixa,Heterossexual,Atividades que Fez nesta semana para aprender Vetor Velocidade e Vetor Aceleração,5,4,3,4,5,1,4,4,4,5,5,2,1,4,4,5,5,3,4,5,4,1,4,5,4,5,5,4,4,5,4,5,4,4,3,5,1.1584746402332209
P071,FALSE,Menos de 18,38392,NA,Feminino,Solteiro(a),Branco,Classe média baixa,Heterossexual,Atividades que Fez nesta semana para aprender Vetor Velocidade e Vetor Aceleração,5,4,3,5,2,2,4,2,5,3,4,3,5,4,2,2,1,2,4,3,2,3,4,4,2,3,4,2,4,3,2,3,2,2,4,4,1.0994226479066904
P072,FALSE,Menos de 18,38256,NA,Masculino,Solteiro(a),Branco,Classe baixa,Heterossexual,Atividades que Fez nesta semana para aprender Vetor Velocidade e Vetor Aceleração,5,5,3,5,4,4,5,3,4,5,5,2,2,5,4,4,5,3,4,5,4,2,5,5,5,4,4,3,4,5,4,5,5,3,4,5,0.9607371508460951
P073,FALSE,18-24,36991,NA,Masculino,Solteiro(a),Branco,Classe média alta,Heterossexual,Evento CTF - StarsCTF,5,5,2,2,2,1,4,2,2,5,2,1,2,2,2,2,2,3,2,5,2,5,2,3,4,3,4,5,1,5,5,5,3,3,3,5,1.4015297764534702
P074,FALSE,25-34,32298,NA,Masculino,Casado(a),Negro,Classe média,Heterossexual,Evento CTF - StarsCTF,4,3,4,3,3,4,3,5,3,5,3,4,3,4,4,4,4,3,4,4,3,3,2,3,4,4,4,4,4,4,4,4,3,5,4,4,0.6684499957554024
P075,FALSE,Menos de 18,38425,NA,Masculino,Solteiro(a),Branco,Classe média baixa,Heterossexual,Atividades que Fez nesta semana para aprender Vetor Velocidade e Vetor Aceleração,5,3,2,4,4,3,4,4,4,5,3,2,2,4,4,3,4,1,4,4,3,3,4,4,4,5,4,1,2,4,4,4,4,4,4,5,1.026629560244714
P076,FALSE,Menos de 18,38488,NA,Masculino,Solteiro(a),Branco,Classe média,Heterossexual,Atividades que Fez nesta semana para aprender Vetor Velocidade e Vetor Aceleração,5,5,5,4,5,3,5,4,5,5,4,5,4,3,4,5,5,5,5,5,5,5,4,5,3,4,4,5,5,5,3,5,4,4,4,5,0.6963624307216993
P077,FALSE,Menos de 18,43863,NA,Masculino,Solteiro(a),Amarelo,Classe média,Heterossexual,Quiz no Google Form,5,2,2,4,2,4,2,2,3,2,2,3,4,4,5,1,1,3,3,3,3,4,3,3,1,3,5,5,4,3,3,3,3,3,3,5,1.1307393283031366
P078,FALSE,Menos de 18,38215,NA,Feminino,Solteiro(a),Branco,Classe média baixa,Heterossexual,Atividades que Fez nesta semana para aprender Vetor Velocidade e Vetor Aceleração,5,5,5,5,4,2,5,5,4,5,5,4,3,5,5,5,5,5,4,4,5,3,5,5,4,5,5,5,4,5,5,5,5,5,3,5,0.7725447539304099
P079,FALSE,Menos de 18,38268,NA,Masculino,Solteiro(a),Branco,Classe média,Heterossexual,Atividades que Fez nesta semana para aprender Vetor Velocidade e Vetor Aceleração,4,4,3,3,3,2,3,3,2,4,4,3,3,4,3,4,3,3,2,4,3,3,4,4,3,4,3,3,2,4,3,4,4,4,2,4,0.7014723744122018
P080,FALSE,Menos de 18,38962,NA,Feminino,Solteiro(a),Não me identifico,Classe média,Heterossexual,Quiz no Google Form,4,3,2,4,3,4,4,3,4,3,3,3,4,4,3,3,3,4,4,4,3,1,4,3,2,3,4,4,4,3,3,4,5,3,5,3,0.806225774829855
P081,FALSE,Menos de 18,38309,NA,Masculino,Solteiro(a),Pardo,Classe média baixa,Heterossexual,Atividades que Fez nesta semana para aprender Vetor Velocidade e Vetor Aceleração,5,5,4,4,5,4,4,3,4,5,5,2,4,5,5,4,5,4,4,4,4,4,5,4,4,4,5,3,4,5,5,5,5,3,4,5,0.7410845762842105
P082,FALSE,Menos de 18,38318,NA,Feminino,Solteiro(a),Pardo,Classe média baixa,Heterossexual,Atividades que Fez nesta semana para aprender Vetor Velocidade e Vetor Aceleração,4,3,3,3,2,1,4,1,3,5,3,3,3,4,4,3,2,1,3,4,3,4,3,4,4,3,3,1,3,4,3,3,2,1,3,4,1.027788502732545
P083,FALSE,Menos de 18,38649,NA,Masculino,Solteiro(a),Pardo,Classe média,Heterossexual,Atividades que Fez nesta semana para aprender Vetor Velocidade e Vetor Aceleração,4,4,2,4,4,2,4,5,4,3,4,2,2,4,4,3,4,5,4,4,4,4,4,4,4,4,4,5,1,4,4,3,4,5,4,5,0.9373214115613857
P084,FALSE,Menos de 18,37428,NA,Masculino,Solteiro(a),Branco,Classe média,Heterossexual,Evento CTF - StarsCTF,5,5,4,4,4,3,4,2,4,5,4,3,3,4,4,3,3,2,4,5,4,3,4,4,4,3,4,2,4,4,4,4,4,2,4,5,0.8489021855519756
P085,FALSE,Menos de 18,38290,NA,Masculino,Solteiro(a),Pardo,Classe média,Homossexual,Atividades que Fez nesta semana para aprender Vetor Velocidade e Vetor Aceleração,5,4,4,3,4,2,3,5,1,4,3,4,2,3,4,2,2,1,2,4,4,3,1,3,4,4,2,5,1,4,4,5,5,5,1,5,1.3440049130673617
P086,FALSE,Menos de 18,38495,NA,Masculino,Solteiro(a),Pardo,Classe média baixa,Heterossexual,Atividades que Fez nesta semana para aprender Vetor Velocidade e Vetor Aceleração,4,3,4,4,4,1,4,2,3,3,4,1,3,5,4,5,4,2,3,5,3,2,4,4,4,4,4,4,3,5,3,5,4,4,3,5,1.0522085616183026
P087,FALSE,Menos de 18,38256,NA,Feminino,Solteiro(a),Branco,Classe média,Heterossexual,Atividades que Fez nesta semana para aprender Vetor Velocidade e Vetor Aceleração,3,3,2,2,3,3,3,3,3,3,3,3,3,3,3,3,3,3,2,3,3,2,3,3,3,4,3,3,2,4,3,4,3,2,2,3,0.5225092085464835
P088,FALSE,Menos de 18,38677,NA,Feminino,Solteiro(a),Não me identifico,Classe média alta,Prefiro não declarar,Atividades que Fez nesta semana para aprender Vetor Velocidade e Vetor Aceleração,4,4,4,4,4,1,4,4,3,3,4,4,4,4,4,3,4,4,4,4,4,4,5,4,4,3,4,4,4,4,4,3,4,5,5,4,0.6825489109748952
P089,FALSE,Menos de 18,39071,NA,Feminino,Solteiro(a),Branco,Classe média,Heterossexual,Quiz no Google Form,3,2,3,3,2,3,1,1,3,2,1,2,3,1,1,3,2,1,2,3,3,2,2,2,2,2,3,1,3,3,3,3,3,1,4,4,0.8886408384057867
P090,FALSE,Menos de 18,38312,NA,Feminino,Solteiro(a),Branco,Classe baixa,Bissexual,Atividades que Fez nesta semana para aprender Vetor Velocidade e Vetor Aceleração,4,3,3,4,4,4,4,4,4,4,4,3,3,3,4,4,3,3,4,3,3,2,5,4,4,4,3,4,2,4,4,5,5,5,4,5,0.7699721701835351
P091,FALSE,Menos de 18,38231,NA,Masculino,Solteiro(a),Pardo,Classe média,Heterossexual,Atividades que Fez nesta semana para aprender Vetor Velocidade e Vetor Aceleração,4,4,3,4,4,3,4,4,3,4,4,2,3,4,4,3,4,4,3,4,4,3,3,4,4,3,4,4,3,4,4,4,4,4,3,4,0.5426273532033232
P092,FALSE,Menos de 18,38378,NA,Feminino,Solteiro(a),Branco,Classe média,Heterossexual,Atividades que Fez nesta semana para aprender Vetor Velocidade e Vetor Aceleração,5,4,3,5,4,4,3,3,3,5,5,3,1,5,5,4,3,2,3,5,4,2,5,5,3,4,4,5,2,5,4,4,4,2,2,5,1.155731061153193
P093,FALSE,Menos de 18,38260,NA,Feminino,Solteiro(a),Branco,Classe média,Heterossexual,Atividades que Fez nesta semana para aprender Vetor Velocidade e Vetor Aceleração,4,4,3,4,3,1,3,1,4,4,4,3,3,4,4,2,3,3,4,4,3,3,4,4,3,4,3,2,2,5,3,4,3,5,4,5,0.9644473703415495
P094,FALSE,25-34,33502,NA,Feminino,Solteiro(a),Pardo,Classe baixa,Homossexual,Palestra,4,4,4,4,2,2,4,4,4,4,4,2,2,4,3,2,2,4,2,4,2,2,4,3,2,2,2,2,3,4,2,3,2,2,3,4,0.9407022031018292
P095,FALSE,Menos de 18,38231,NA,Feminino,Solteiro(a),Amarelo,Classe média baixa,Bissexual,Atividades que Fez nesta semana para aprender Vetor Velocidade e Vetor Aceleração,4,4,3,3,2,2,3,1,3,5,1,3,3,4,3,2,3,2,3,4,3,3,3,3,1,3,2,1,3,5,2,2,3,1,4,5,1.1084094137869043
P096,FALSE,25-34,33599,NA,Masculino,Solteiro(a),Negro,Classe média,Heterossexual,StarsCTF - dia 26,4,5,3,4,4,5,4,5,4,5,5,3,4,4,4,3,4,4,5,5,4,4,3,4,4,4,4,4,5,5,4,4,4,4,5,5,0.6242455764220844
P097,FALSE,18-24,36777,NA,Masculino,Solteiro(a),Pardo,Classe baixa,Heterossexual,Evento CTF - StarsCTF,5,5,5,5,5,2,5,2,5,5,5,5,5,5,5,5,5,5,5,5,5,5,5,5,5,5,5,5,5,5,3,5,5,5,5,4,0.7699721701835351
P098,FALSE,Menos de 18,38324,NA,Masculino,Solteiro(a),Branco,Classe média baixa,Heterossexual,Atividades que Fez nesta semana para aprender Vetor Velocidade e Vetor Aceleração,4,5,3,5,5,3,5,3,3,5,4,2,3,5,5,5,5,3,3,5,5,3,5,5,5,5,5,3,1,5,5,5,5,4,3,5,1.1084094137869043
P099,FALSE,35-44,30328,NA,Masculino,Casado(a),Branco,Classe média,Heterossexual,StarsCTF - dia 26,3,5,5,5,4,5,4,5,5,5,3,2,3,5,4,5,4,5,5,5,4,3,2,5,4,5,5,5,5,5,4,5,3,5,5,5,0.9305229797662256
P100,FALSE,Menos de 18,38197,NA,Feminino,Solteiro(a),Branco,Classe média baixa,Heterossexual,Atividades que Fez nesta semana para aprender Vetor Velocidade e Vetor Aceleração,4,3,4,4,4,2,3,3,4,4,3,2,2,4,3,4,4,2,4,4,3,3,3,4,3,4,3,2,4,4,2,2,3,5,4,4,0.828078671210825
P101,FALSE,Menos de 18,38460,NA,Feminino,Solteiro(a),Branco,Classe média baixa,Bissexual,A utilização do Kahoot!,3,5,4,3,2,4,2,4,1,4,3,1,3,3,3,1,4,3,4,3,4,2,5,4,2,4,5,1,2,4,3,2,3,3,4,1,1.1828805304029437
P102,FALSE,Menos de 18,38180,NA,Feminino,Solteiro(a),Branco,Classe média,Heterossexual,Atividades que Fez nesta semana para aprender Vetor Velocidade e Vetor Aceleração,3,3,3,4,4,2,4,3,2,3,3,3,3,5,4,4,4,3,2,3,3,2,4,4,4,4,4,3,2,4,4,4,4,3,2,3,0.78629127443586
P103,FALSE,Menos de 18,38246,NA,Feminino,Solteiro(a),Branco,Classe média baixa,Heterossexual,Atividades que Fez nesta semana para aprender Vetor Velocidade e Vetor Aceleração,4,4,3,4,4,3,4,3,3,3,4,4,4,4,4,3,3,3,3,4,4,3,4,4,4,3,3,3,3,4,4,4,4,3,3,4,0.5039526306789703
P104,FALSE,Menos de 18,39265,NA,Masculino,Solteiro(a),Pardo,Classe média,Heterossexual,Quiz no Google Form,3,4,3,3,3,1,2,4,5,1,3,4,4,4,4,1,5,5,1,1,2,2,2,2,2,2,4,5,3,3,4,4,4,4,4,5,1.2906870325036257
P105,FALSE,18-24,36738,NA,Masculino,Solteiro(a),Negro,Classe baixa,Heterossexual,Evento CTF - StarsCTF,4,5,5,5,5,5,5,5,5,4,5,5,3,3,3,3,3,3,3,3,3,3,5,3,3,3,3,3,3,5,5,5,5,5,5,5,0.9839989676081825
P106,FALSE,18-24,35550,NA,Feminino,Solteiro(a),Negro,Classe baixa,Bissexual,Evento CTF - StarsCTF,5,5,4,5,5,5,5,5,5,5,2,2,4,5,5,2,3,5,5,5,2,2,5,5,5,5,4,5,4,5,4,2,4,4,4,5,1.1240516284815667
P107,FALSE,Menos de 18,38270,NA,Feminino,Solteiro(a),Branco,Classe média,Heterossexual,Atividades que Fez nesta semana para aprender Vetor Velocidade e Vetor Aceleração,5,4,3,5,5,4,5,1,2,4,4,2,4,5,4,5,5,2,2,4,4,4,4,5,4,5,5,1,2,4,4,5,4,1,1,4,1.3522468075656264
P108,FALSE,18-24,37143,NA,Masculino,Solteiro(a),Branco,Classe média,Heterossexual,StarsCTF - dia 26,4,4,2,3,4,2,3,5,4,5,2,2,2,4,4,3,2,5,4,4,4,2,3,4,4,4,4,5,4,5,4,4,3,5,5,4,1.01418510567422
P109,FALSE,Menos de 18,38335,NA,Feminino,Solteiro(a),Branco,Classe média,Heterossexual,Atividades que Fez nesta semana para aprender Vetor Velocidade e Vetor Aceleração,4,4,2,4,4,4,3,3,4,3,4,2,2,4,5,2,2,2,3,4,3,2,4,3,4,4,2,3,3,5,5,4,4,3,4,4,0.9343531843023133
P110,FALSE,35-44,30474,NA,Masculino,Solteiro(a),Pardo,Classe média,Heterossexual,StarsCTF - dia 26,4,4,3,4,3,4,4,4,4,5,3,2,2,4,4,2,3,4,4,4,2,2,4,3,4,2,4,4,3,4,4,2,4,4,4,5,0.8783100656536799
P111,FALSE,Menos de 18,38302,NA,Masculino,Solteiro(a),Branco,Classe média alta,Heterossexual,A utilização do Kahoot!,4,1,2,3,3,3,4,4,2,3,3,4,3,4,3,3,4,3,4,3,3,2,4,4,4,3,4,4,2,4,3,3,4,3,3,4,0.7699721701835351
P112,FALSE,25-34,34900,NA,Masculino,Solteiro(a),Pardo,Classe média alta,Heterossexual,Breve aula sobre ergonomia para educadores,4,5,2,5,5,2,4,5,2,5,5,1,2,5,5,4,4,1,2,5,4,1,4,5,4,4,4,5,2,5,4,4,4,5,3,5,1.3545924239123122
P113,FALSE,Menos de 18,38412,NA,Feminino,Solteiro(a),Branco,Classe média alta,Heterossexual,Atividades que Fez nesta semana para aprender Vetor Velocidade e Vetor Aceleração,4,4,4,3,2,4,3,2,4,4,3,4,4,4,2,4,2,2,5,4,4,4,4,4,2,4,3,2,4,4,2,4,4,2,4,5,0.9394358320501104
P114,FALSE,Menos de 18,38175,NA,Masculino,Solteiro(a),Amarelo,Classe média,Heterossexual,Atividades que Fez nesta semana para aprender Vetor Velocidade e Vetor Aceleração,5,5,3,5,5,5,5,3,3,4,5,4,3,4,5,4,4,3,3,4,4,3,4,5,5,4,5,3,3,5,5,5,4,4,3,5,0.8333333333333331
P115,FALSE,Menos de 18,38305,NA,Feminino,Solteiro(a),Branco,Classe média baixa,Heterossexual,Atividades que Fez nesta semana para aprender Vetor Velocidade e Vetor Aceleração,4,3,4,4,4,5,4,5,4,4,4,4,3,5,4,4,4,5,4,5,3,4,3,4,4,4,3,5,3,4,4,4,3,5,4,5,0.6540472290116184
P116,FALSE,Menos de 18,38442,NA,Masculino,Solteiro(a),Branco,Classe média,Heterossexual,StarsCTF - dia 26,4,4,3,3,3,2,4,4,3,4,4,4,4,3,3,3,4,4,2,4,3,4,3,3,4,3,4,3,3,5,4,3,4,3,3,3,0.6522245206957694
P117,FALSE,Menos de 18,38497,NA,Feminino,Solteiro(a),Branco,Classe média,Heterossexual,Atividades que Fez nesta semana para aprender Vetor Velocidade e Vetor Aceleração,3,4,3,4,3,2,3,5,4,3,4,4,3,3,4,4,4,4,3,2,2,3,3,4,4,4,3,5,4,4,4,3,3,5,5,2,0.8446845940894527
P118,FALSE,Menos de 18,38152,NA,Masculino,Solteiro(a),Branco,Classe média,Bissexual,Atividades que Fez nesta semana para aprender Vetor Velocidade e Vetor Aceleração,4,4,4,3,4,2,3,4,4,3,2,2,2,4,3,1,2,4,3,3,3,2,4,4,4,1,3,4,4,3,2,2,3,4,4,2,0.9545214042184239
P119,FALSE,Menos de 18,38622,NA,Masculino,Solteiro(a),Branco,Classe média,Heterossexual,Atividades que Fez nesta semana para aprender Vetor Velocidade e Vetor Aceleração,5,5,5,5,5,5,5,5,5,5,5,3,5,5,5,5,5,5,5,5,5,5,4,5,5,5,5,5,5,5,4,3,4,5,5,5,0.5247826458609566
P120,FALSE,Menos de 18,38419,NA,Masculino,Solteiro(a),Branco,Classe média baixa,Heterossexual,Atividades que Fez nesta semana para aprender Vetor Velocidade e Vetor Aceleração,5,4,4,4,4,2,4,4,4,5,4,1,4,4,4,2,2,3,4,4,4,4,4,4,4,2,2,4,4,4,5,3,4,2,4,4,0.9644473703415495
P121,FALSE,Menos de 18,38312,NA,Masculino,Solteiro(a),Pardo,Classe média alta,Heterossexual,Atividades que Fez nesta semana para aprender Vetor Velocidade e Vetor Aceleração,5,3,3,3,4,1,4,2,4,4,3,4,4,4,4,4,4,4,4,4,3,3,3,4,4,4,4,4,3,4,4,5,5,5,5,4,0.8319035353113308
P122,FALSE,Menos de 18,38332,NA,Feminino,Solteiro(a),Branco,Classe média baixa,Heterossexual,Atividades que Fez nesta semana para aprender Vetor Velocidade e Vetor Aceleração,4,2,2,2,3,2,2,2,2,3,2,2,2,2,2,2,2,3,3,3,2,2,2,2,2,2,2,3,2,4,2,2,2,2,3,4,0.6393200753379784
P123,FALSE,Menos de 18,38436,NA,Feminino,Solteiro(a),Branco,Classe média,Heterossexual,Atividades que Fez nesta semana para aprender Vetor Velocidade e Vetor Aceleração,4,3,2,4,4,4,3,4,4,3,2,2,2,4,4,2,2,4,2,3,3,2,3,4,4,2,4,4,4,3,4,3,4,4,4,4,0.8489021855519756
P124,FALSE,45-54,24970,NA,Masculino,Solteiro(a),Branco,Classe média baixa,Heterossexual,Breve aula sobre ergonomia para educadores,4,3,4,3,4,2,4,5,4,4,3,4,4,4,4,3,2,5,3,3,2,4,3,2,4,2,2,5,3,3,3,2,4,5,4,4,0.9394358320501104
P125,FALSE,Menos de 18,38388,NA,Masculino,Solteiro(a),Pardo,Classe média baixa,Heterossexual,Atividades que Fez nesta semana para aprender Vetor Velocidade e Vetor Aceleração,4,4,4,5,4,1,4,2,4,4,4,1,4,4,4,4,4,4,4,4,4,4,4,4,4,4,4,4,4,4,3,5,4,5,3,5,0.8783100656536799
P126,FALSE,Menos de 18,39232,NA,Feminino,Solteiro(a),Pardo,Classe média,Heterossexual,Aplicativo Question,4,2,4,3,3,2,2,4,4,4,4,3,2,4,2,1,3,4,4,4,2,3,2,3,3,2,3,4,4,2,2,1,4,4,3,4,0.9705995528865096
P127,FALSE,Menos de 18,38316,NA,Masculino,Solteiro(a),Branco,Classe média baixa,Heterossexual,Atividades que Fez nesta semana para aprender Vetor Velocidade e Vetor Aceleração,3,3,2,4,4,1,4,1,1,3,3,3,3,3,4,4,5,1,3,3,3,3,4,4,4,4,4,2,3,4,5,4,4,2,4,4,1.0720104240194446
P128,FALSE,Menos de 18,38334,NA,Masculino,Solteiro(a),Branco,Classe média alta,Heterossexual,Atividades que Fez nesta semana para aprender Vetor Velocidade e Vetor Aceleração,1,1,4,5,5,4,3,5,2,1,5,3,5,5,5,2,4,5,2,2,1,4,5,5,5,2,3,5,1,1,5,4,5,5,2,1,1.6278820596099706
P129,FALSE,Menos de 18,38288,NA,Feminino,Solteiro(a),Pardo,Classe média,Heterossexual,Atividades que Fez nesta semana para aprender Vetor Velocidade e Vetor Aceleração,5,4,2,4,3,1,4,3,5,4,5,1,3,4,3,4,4,3,5,5,4,2,4,4,5,4,4,3,5,5,3,5,5,3,5,4,1.1166133604902806
P130,FALSE,Menos de 18,38172,NA,Masculino,Solteiro(a),Branco,Classe média baixa,Heterossexual,Atividades que Fez nesta semana para aprender Vetor Velocidade e Vetor Aceleração,5,5,5,4,4,4,4,3,4,5,4,4,2,4,4,4,4,2,4,5,4,2,5,4,4,4,4,2,3,4,4,5,5,3,4,5,0.8926507698004845
P131,FALSE,Menos de 18,38251,NA,Feminino,Solteiro(a),Pardo,Classe média baixa,Heterossexual,Atividades que Fez nesta semana para aprender Vetor Velocidade e Vetor Aceleração,5,4,2,4,4,2,4,3,4,4,4,3,2,4,4,3,3,2,4,4,4,2,3,4,4,4,4,3,2,4,4,4,4,3,4,4,0.8106434833777776
P132,FALSE,Menos de 18,39147,NA,Feminino,Solteiro(a),Branco,Classe média,Heterossexual,Aplicativo Question,4,2,3,4,3,4,4,4,3,4,4,3,2,4,4,3,3,3,4,4,3,2,3,3,4,4,4,4,4,3,3,3,4,4,4,3,0.6522245206957694
P133,FALSE,Menos de 18,38506,NA,Feminino,Solteiro(a),Branco,Classe média baixa,Heterossexual,Atividades que Fez nesta semana para aprender Vetor Velocidade e Vetor Aceleração,2,2,2,2,2,4,2,4,4,2,2,3,2,4,2,2,2,4,4,2,2,2,2,2,2,2,2,4,4,2,3,2,2,4,4,2,0.9032568936205334
P134,FALSE,Menos de 18,38216,NA,Feminino,Solteiro(a),Branco,Classe média,Prefiro não declarar,Atividades que Fez nesta semana para aprender Vetor Velocidade e Vetor Aceleração,5,4,3,4,4,5,3,3,4,5,5,2,2,5,4,4,5,4,5,5,4,2,3,4,4,4,5,4,3,4,4,4,4,4,3,5,0.8926507698004845
P135,FALSE,18-24,36364,NA,Masculino,Solteiro(a),Pardo,Classe média alta,Heterossexual,StarsCTF - dia 26,4,3,2,3,3,4,4,4,4,5,3,2,2,4,2,3,3,4,5,5,2,2,2,3,4,3,3,2,4,5,2,4,4,4,4,5,1.0219806477837259
P136,FALSE,Menos de 18,38212,NA,Feminino,Solteiro(a),Branco,Classe média,Bissexual,Atividades que Fez nesta semana para aprender Vetor Velocidade e Vetor Aceleração,4,4,4,5,5,1,4,3,3,5,4,1,2,5,5,2,5,1,3,5,4,1,5,5,5,3,5,2,4,5,5,4,5,2,3,5,1.4063348739819324
P137,FALSE,Menos de 18,38415,NA,Masculino,Solteiro(a),Branco,Classe média,Bissexual,Atividades que Fez nesta semana para aprender Vetor Velocidade e Vetor Aceleração,3,4,4,3,2,3,3,3,4,4,4,4,4,3,3,2,2,4,4,4,3,4,3,3,3,2,2,4,4,3,2,2,2,4,4,4,0.7968190728895959
P138,FALSE,Menos de 18,38966,NA,Feminino,Solteiro(a),Não me identifico,Classe média alta,Heterossexual,Quiz no Google Form,4,4,4,4,4,1,4,3,4,4,5,2,2,5,4,5,4,3,3,4,4,2,4,5,4,4,4,3,4,5,4,4,4,3,3,5,0.9373214115613857
P139,FALSE,Menos de 18,38244,NA,Masculino,Solteiro(a),Pardo,Classe média baixa,Heterossexual,Atividades que Fez nesta semana para aprender Vetor Velocidade e Vetor Aceleração,4,4,1,5,4,4,5,4,1,3,5,2,2,4,4,4,4,2,3,4,3,2,5,4,3,4,5,4,3,4,3,4,5,4,2,4,1.1069764339844033
P140,FALSE,Menos de 18,38401,NA,Feminino,Solteiro(a),Pardo,Classe média baixa,Heterossexual,Atividades que Fez nesta semana para aprender Vetor Velocidade e Vetor Aceleração,3,3,2,5,4,1,4,3,2,4,3,3,2,5,3,5,4,2,2,5,3,2,5,5,3,5,4,3,3,5,3,5,5,5,2,5,1.2292725943057186
P141,FALSE,Menos de 18,38405,NA,Feminino,Solteiro(a),Pardo,Classe média alta,Heterossexual,A utilização do Kahoot!,4,3,3,4,3,1,3,1,4,5,3,3,3,4,4,3,4,2,5,3,3,3,3,4,3,3,2,1,3,3,4,4,4,1,5,4,1.0642084770098776
P142,FALSE,Menos de 18,38243,NA,Masculino,União estável,Pardo,Classe média baixa,Homossexual,Atividades que Fez nesta semana para aprender Vetor Velocidade e Vetor Aceleração,5,4,3,5,4,4,4,5,3,4,5,2,2,4,4,4,4,2,3,4,4,2,4,4,4,4,4,5,3,5,4,4,5,5,3,5,0.9189365834726813
P143,FALSE,Menos de 18,38215,NA,Masculino,Solteiro(a),Branco,Classe baixa,Heterossexual,Atividades que Fez nesta semana para aprender Vetor Velocidade e Vetor Aceleração,5,4,3,4,4,1,4,2,4,5,5,2,2,5,5,5,5,2,4,5,5,3,3,4,4,5,4,2,3,5,5,5,5,3,3,5,1.1899046246960365
P144,FALSE,Menos de 18,38387,NA,Masculino,Solteiro(a),Branco,Classe média,Heterossexual,Atividades que Fez nesta semana para aprender Vetor Velocidade e Vetor Aceleração,5,4,3,4,4,2,3,3,2,5,4,3,2,5,4,4,4,3,3,5,3,2,4,4,4,4,4,3,2,5,4,4,4,3,2,5,0.9673232581274399
P145,FALSE,18-24,37175,NA,Masculino,Solteiro(a),Branco,Classe média,Heterossexual,Leitura da história: As aventuras de Oxy e Geny - Uma aventura pelo sistema cardiovascular humano.,4,5,4,3,2,4,3,4,4,3,5,2,4,3,2,4,4,3,4,3,4,2,4,2,2,4,3,5,4,3,3,5,4,5,4,4,0.9394358320501104
P146,FALSE,Menos de 18,38521,NA,Feminino,Solteiro(a),Branco,Classe média baixa,Heterossexual,Atividades que Fez nesta semana para aprender Vetor Velocidade e Vetor Aceleração,5,5,5,5,5,3,4,3,5,5,5,1,4,5,5,5,5,5,5,5,5,4,5,4,5,5,5,4,5,5,5,5,5,5,5,5,0.8333333333333331
P147,FALSE,Menos de 18,38244,NA,Feminino,Solteiro(a),Negro,Classe média,Heterossexual,Atividades que Fez nesta semana para aprender Vetor Velocidade e Vetor Aceleração,4,3,3,3,4,4,4,3,3,5,3,3,3,4,4,3,4,2,3,5,3,3,4,4,3,4,4,3,5,5,4,4,4,4,3,4,0.7231983635323525
P148,FALSE,Menos de 18,37547,NA,Masculino,Solteiro(a),Não me identifico,Classe média,Heterossexual,Evento CTF - StarsCTF,2,4,2,2,5,1,5,5,5,5,2,2,4,5,5,1,2,5,5,3,1,3,3,2,5,1,3,5,3,3,5,2,3,5,5,5,1.5013221686128047
P149,FALSE,25-34,34887,NA,Masculino,Solteiro(a),Branco,Classe média,Heterossexual,Evento CTF - StarsCTF,4,3,4,4,4,3,3,5,4,4,4,4,4,4,4,2,2,4,4,3,2,4,3,2,4,3,3,5,4,4,3,2,3,5,4,4,0.8432740427115683
P150,FALSE,Menos de 18,38212,NA,Feminino,Solteiro(a),Branco,Classe média baixa,Prefiro não declarar,Atividades que Fez nesta semana para aprender Vetor Velocidade e Vetor Aceleração,4,4,4,5,4,3,4,3,3,3,4,3,3,3,4,2,4,2,4,4,3,4,4,4,4,3,4,4,4,4,5,4,4,5,5,4,0.7319250547113999
P151,FALSE,25-34,32648,NA,Masculino,Solteiro(a),Branco,Classe baixa,Heterossexual,Evento CTF - StarsCTF,4,3,3,3,2,2,4,5,3,5,4,3,2,3,4,4,2,5,3,4,3,2,3,3,3,4,3,5,3,5,2,4,4,5,3,5,0.9996030958367172
P152,FALSE,45-54,25055,NA,Feminino,Viúvo(a),Branco,Classe média,Heterossexual,Breve aula sobre ergonomia para educadores,4,4,4,4,4,4,4,4,4,4,4,4,3,4,4,4,4,3,4,4,4,3,4,4,4,4,4,3,4,4,4,4,4,3,4,4,0.3507361872061008
P153,FALSE,Menos de 18,37452,NA,Feminino,Solteiro(a),Branco,Classe média baixa,Prefiro não declarar,Evento CTF - StarsCTF,4,3,3,3,3,3,4,4,4,5,3,3,3,4,3,2,3,3,4,4,3,3,4,4,3,2,3,3,4,5,4,2,4,4,4,5,0.7740842003337552
P154,FALSE,Menos de 18,38316,NA,Masculino,Solteiro(a),Branco,Classe média,Heterossexual,Atividades que Fez nesta semana para aprender Vetor Velocidade e Vetor Aceleração,4,4,3,4,4,1,4,3,1,4,3,2,2,4,4,4,4,4,2,4,3,3,4,4,4,4,4,5,2,4,4,4,3,5,1,4,1.0522085616183026
P155,FALSE,Menos de 18,38170,NA,Feminino,Solteiro(a),Pardo,Classe média baixa,Heterossexual,Atividades que Fez nesta semana para aprender Vetor Velocidade e Vetor Aceleração,4,4,3,4,4,2,3,2,2,3,4,2,3,4,4,4,3,2,2,4,3,3,4,4,4,4,4,2,2,4,3,4,4,2,2,3,0.8558853209044324
P156,FALSE,Menos de 18,38211,NA,Masculino,Solteiro(a),Pardo,Classe média baixa,Heterossexual,Atividades que Fez nesta semana para aprender Vetor Velocidade e Vetor Aceleração,4,4,3,4,4,2,4,3,2,4,4,2,2,4,4,2,3,4,2,4,3,2,4,4,3,3,4,4,2,4,2,3,4,4,2,5,0.9137399164536018
P157,FALSE,Menos de 18,38453,NA,Feminino,Solteiro(a),Branco,Classe média,Heterossexual,Atividades que Fez nesta semana para aprender Vetor Velocidade e Vetor Aceleração,4,3,4,4,3,2,3,2,3,3,4,3,3,4,3,3,4,3,3,4,3,4,4,3,4,3,4,3,2,4,3,4,4,3,4,4,0.6393200753379784
P158,FALSE,18-24,36512,NA,Feminino,Solteiro(a),Pardo,Classe média baixa,Heterossexual,Deitada,4,3,4,4,4,3,4,5,4,4,4,2,3,4,4,4,4,4,3,4,3,3,3,4,3,4,4,5,3,4,2,4,4,5,4,4,0.7014723744122018
P159,FALSE,Menos de 18,38270,NA,Feminino,Solteiro(a),Branco,Classe média,Heterossexual,Atividades que Fez nesta semana para aprender Vetor Velocidade e Vetor Aceleração,4,3,4,4,3,4,4,1,2,4,2,2,2,5,4,4,4,1,2,4,3,4,3,4,4,5,4,1,2,4,4,5,4,1,1,4,1.2446711811584412
P160,FALSE,Menos de 18,38569,NA,Masculino,Solteiro(a),Branco,Classe média alta,Heterossexual,Atividades que Fez nesta semana para aprender Vetor Velocidade e Vetor Aceleração,4,3,2,3,2,2,3,2,1,4,3,2,2,3,3,5,4,2,1,4,3,2,3,3,2,5,4,2,1,5,4,5,4,3,1,4,1.1938998389298936
P161,FALSE,Menos de 18,38334,NA,Feminino,Solteiro(a),Branco,Classe baixa,Heterossexual,Atividades que Fez nesta semana para aprender Vetor Velocidade e Vetor Aceleração,1,1,2,3,3,3,4,2,3,1,3,4,5,1,3,4,5,4,3,3,2,2,4,3,1,2,4,4,2,3,3,4,5,2,1,2,1.2071217242444348
P162,FALSE,25-34,33764,NA,Masculino,Solteiro(a),Negro,Classe baixa,Bissexual,Evento CTF - StarsCTF,4,2,2,2,3,5,3,3,5,5,3,1,2,4,2,5,3,3,5,5,2,2,4,4,3,5,4,3,5,5,3,5,3,3,5,5,1.2292725943057186
P163,FALSE,Menos de 18,39147,NA,Feminino,Solteiro(a),Branco,Classe média,Heterossexual,Aplicativo Question,3,4,3,3,4,3,4,4,4,3,3,2,4,4,3,3,4,4,3,4,4,3,3,4,3,4,3,4,3,4,3,4,3,4,3,4,0.5599036198240405
P164,FALSE,Menos de 18,38169,NA,Feminino,Solteiro(a),Branco,Classe média,Heterossexual,Atividades que Fez nesta semana para aprender Vetor Velocidade e Vetor Aceleração,4,4,2,4,3,2,4,2,2,3,4,2,2,4,4,4,4,2,2,4,4,2,3,4,4,4,4,4,2,4,2,4,4,5,1,4,1.02469507659596
P165,FALSE,Menos de 18,38427,NA,Feminino,Solteiro(a),Pardo,Classe média baixa,Heterossexual,Atividades que Fez nesta semana para aprender Vetor Velocidade e Vetor Aceleração,2,2,2,2,2,2,2,1,4,2,2,2,2,2,3,2,2,2,2,2,1,2,2,2,2,2,2,2,3,2,3,1,2,1,5,2,0.7474825474418506
P166,FALSE,18-24,36983,NA,Masculino,Solteiro(a),Pardo,Classe média baixa,Heterossexual,Evento CTF - StarsCTF,4,5,3,2,2,1,4,5,5,5,3,3,3,4,2,5,4,2,4,4,2,3,2,4,3,5,5,5,4,4,3,5,3,4,5,5,1.1710800875382399
P167,FALSE,25-34,32943,NA,Masculino,União estável,Branco,Classe média,Heterossexual,Evento CTF - StarsCTF,4,3,3,3,3,3,3,3,4,4,3,2,3,4,4,3,3,3,4,4,2,3,3,3,3,3,4,3,4,4,4,3,3,3,4,4,0.5766625378327287
P168,FALSE,25-34,34112,NA,Masculino,Casado(a),Pardo,Classe baixa,Heterossexual,StarsCTF - dia 26,2,1,1,2,2,3,2,1,1,5,1,1,1,3,3,3,2,1,3,5,1,1,1,2,2,3,2,1,1,5,3,4,3,1,1,5,1.327068615826292
P169,FALSE,Menos de 18,38289,NA,Masculino,Solteiro(a),Branco,Classe média baixa,Prefiro não declarar,Atividades que Fez nesta semana para aprender Vetor Velocidade e Vetor Aceleração,4,3,2,3,3,4,2,2,3,2,2,3,3,4,4,3,2,2,3,2,2,3,3,3,4,3,3,2,2,4,4,4,2,2,2,4,0.7983117106128326
P170,FALSE,Menos de 18,38399,NA,Feminino,Solteiro(a),Pardo,Classe média alta,Heterossexual,Atividades que Fez nesta semana para aprender Vetor Velocidade e Vetor Aceleração,4,4,4,4,4,2,3,2,1,4,4,3,3,4,4,3,4,3,1,5,3,2,4,3,4,3,4,2,2,5,4,3,4,2,1,5,1.105182596419511
P171,FALSE,Menos de 18,38334,NA,Feminino,Solteiro(a),Branco,Classe baixa,Heterossexual,Atividades que Fez nesta semana para aprender Vetor Velocidade e Vetor Aceleração,4,3,2,5,4,1,4,5,2,4,4,2,1,5,3,4,5,4,3,5,3,2,5,5,3,5,5,5,2,5,3,5,5,5,4,5,1.2832869503058923
P172,FALSE,Menos de 18,38232,NA,Feminino,Solteiro(a),Amarelo,Classe média,Heterossexual,Atividades que Fez nesta semana para aprender Vetor Velocidade e Vetor Aceleração,4,3,4,4,3,4,4,3,4,5,4,3,3,4,3,4,4,3,4,4,3,3,4,4,4,5,4,3,4,5,3,4,4,3,4,5,0.6374552583116755
P173,FALSE,Menos de 18,38421,NA,Feminino,Solteiro(a),Pardo,Classe média,Heterossexual,Atividades que Fez nesta semana para aprender Vetor Velocidade e Vetor Aceleração,4,4,4,3,4,3,3,2,2,3,3,2,2,4,3,2,3,2,2,3,3,2,4,4,4,2,3,2,2,4,3,3,3,4,3,4,0.7928249671720918
P174,FALSE,18-24,36602,NA,Masculino,Solteiro(a),Não me identifico,Classe baixa,Heterossexual,Evento CTF - StarsCTF,2,2,2,2,2,5,2,4,5,5,2,2,4,2,3,5,2,4,5,5,2,4,2,2,3,5,2,4,5,5,4,5,2,4,5,5,1.3404571596382324
P175,FALSE,45-54,24423,NA,Masculino,Casado(a),Pardo,Classe média,Heterossexual,Breve aula sobre ergonomia para educadores,4,3,3,4,4,4,4,2,3,3,4,4,4,4,4,4,4,4,3,3,3,4,4,4,4,4,4,4,3,4,4,4,4,4,3,4,0.5247826458609566
P176,FALSE,Menos de 18,38418,NA,Masculino,Solteiro(a),Pardo,Classe média,Heterossexual,A utilização do Kahoot!,4,5,3,3,4,1,4,2,3,5,4,2,2,4,5,4,4,2,3,5,4,2,3,4,5,4,4,2,3,5,5,5,4,2,5,5,1.174801570546588
P177,FALSE,Menos de 18,38261,NA,Masculino,Solteiro(a),Não me identifico,Classe média baixa,Heterossexual,Atividades que Fez nesta semana para aprender Vetor Velocidade e Vetor Aceleração,4,4,3,4,4,1,3,5,3,4,4,3,2,4,4,3,3,3,3,5,3,4,4,4,3,4,3,4,4,5,3,5,4,5,3,5,0.8944271909999159
P178,FALSE,Menos de 18,38263,NA,Masculino,Solteiro(a),Pardo,Classe média baixa,Heterossexual,Atividades que Fez nesta semana para aprender Vetor Velocidade e Vetor Aceleração,5,4,4,4,4,5,4,3,3,5,4,4,4,3,4,5,3,4,3,5,4,4,4,3,4,5,5,4,4,5,4,5,4,4,3,4,0.6737716630790098
P179,FALSE,Menos de 18,38385,NA,Masculino,Solteiro(a),Branco,Classe média,Heterossexual,Atividades que Fez nesta semana para aprender Vetor Velocidade e Vetor Aceleração,5,4,2,3,4,2,4,3,4,5,5,4,3,3,4,3,4,3,4,5,4,3,3,3,4,4,4,3,4,4,4,4,3,3,4,5,0.78629127443586
P180,FALSE,35-44,28162,NA,Feminino,Solteiro(a),Pardo,Classe média baixa,Homossexual,Evento CTF - StarsCTF,4,3,3,4,5,1,3,5,5,5,3,2,2,5,5,5,4,4,5,5,2,4,5,5,3,5,5,5,5,5,4,5,4,5,4,5,1.1251102238772055
P181,FALSE,Menos de 18,38227,NA,Feminino,Solteiro(a),Pardo,Classe média,Heterossexual,Atividades que Fez nesta semana para aprender Vetor Velocidade e Vetor Aceleração,5,4,3,4,4,1,4,3,2,4,4,4,4,5,5,4,5,2,4,5,4,4,4,5,4,4,3,3,2,5,3,5,5,4,3,5,1.0184800377531151
P182,FALSE,Menos de 18,38098,NA,Masculino,Solteiro(a),Branco,Classe média alta,Heterossexual,Atividades que Fez nesta semana para aprender Vetor Velocidade e Vetor Aceleração,4,4,2,4,3,2,4,4,2,3,4,2,2,4,3,3,4,4,2,3,3,2,4,4,3,4,5,4,2,4,3,4,4,4,2,4,0.8886408384057872
P183,FALSE,Menos de 18,38250,NA,Feminino,Solteiro(a),Branco,Classe média,Prefiro não declarar,Atividades que Fez nesta semana para aprender Vetor Velocidade e Vetor Aceleração,3,3,2,3,2,2,3,2,4,4,2,2,2,4,2,4,4,2,3,3,2,2,3,4,2,4,4,2,4,4,3,4,4,2,4,4,0.8944271909999159
P185,FALSE,Menos de 18,38873,NA,Masculino,Solteiro(a),Branco,Classe média,Heterossexual,Quiz no Google Form,5,4,5,2,4,2,4,2,5,5,4,3,5,5,5,5,4,2,5,5,5,4,2,3,4,5,5,2,4,5,4,5,4,4,5,4,1.0939951539314046
P186,FALSE,Menos de 18,38864,NA,Feminino,Solteiro(a),Pardo,Classe média baixa,Heterossexual,Quiz no Google Form,3,2,4,5,4,3,4,2,4,3,4,3,3,5,5,4,4,3,4,4,2,2,4,5,5,4,4,5,4,4,2,5,5,5,5,5,1.0184800377531151
P187,FALSE,45-54,25395,NA,Feminino,Casado(a),Pardo,Classe média,Heterossexual,Breve aula sobre ergonomia para educadores,3,4,3,3,3,2,3,3,3,3,3,2,2,3,3,3,3,4,3,3,3,2,3,3,3,4,3,4,3,3,3,4,4,2,3,3,0.5599036198240405
P189,FALSE,Menos de 18,38188,NA,Masculino,Solteiro(a),Pardo,Classe baixa,Heterossexual,Atividades que Fez nesta semana para aprender Vetor Velocidade e Vetor Aceleração,5,4,3,4,3,3,4,4,3,4,4,3,2,4,2,4,5,3,3,3,4,4,4,4,4,3,4,4,2,4,4,4,3,4,3,5,0.7663560447348132
P190,FALSE,Menos de 18,38399,NA,Feminino,Solteiro(a),Branco,Classe média,Heterossexual,A utilização do Kahoot!,3,3,3,3,2,2,3,2,4,2,3,3,2,3,2,3,3,2,4,2,3,3,3,3,3,3,3,2,3,2,2,3,3,3,3,3,0.5542047068934521
P191,FALSE,Menos de 18,38266,NA,Feminino,Solteiro(a),Branco,Classe média,Heterossexual,Atividades que Fez nesta semana para aprender Vetor Velocidade e Vetor Aceleração,4,4,3,3,4,3,4,2,2,5,4,3,3,5,4,4,4,2,3,5,4,3,3,5,4,4,4,2,2,4,4,5,5,3,2,5,0.9936305084394234
P192,FALSE,Menos de 18,38237,NA,Masculino,Solteiro(a),Pardo,Classe média,Heterossexual,Atividades que Fez nesta semana para aprender Vetor Velocidade e Vetor Aceleração,4,4,3,4,3,1,4,3,3,4,4,3,3,4,3,5,4,3,1,3,3,1,4,5,3,4,5,3,2,2,3,4,4,4,3,5,1.0461569884316808
P193,FALSE,Menos de 18,38373,NA,Feminino,Solteiro(a),Branco,Classe média,Heterossexual,Atividades que Fez nesta semana para aprender Vetor Velocidade e Vetor Aceleração,3,2,3,4,3,2,3,3,3,2,2,2,2,3,2,3,2,3,4,3,2,2,1,3,4,3,3,2,2,4,2,3,3,2,3,4,0.7490735018081415
P194,FALSE,Menos de 18,38191,NA,Masculino,Solteiro(a),Branco,Classe média,Heterossexual,Atividades que Fez nesta semana para aprender Vetor Velocidade e Vetor Aceleração,4,4,3,4,4,4,3,5,4,3,3,3,4,4,4,3,4,4,5,3,4,4,4,5,4,3,4,5,4,4,4,5,4,5,2,3,0.7231983635323525
P195,FALSE,Menos de 18,38290,NA,Feminino,Solteiro(a),Branco,Classe média baixa,Prefiro não declarar,Atividades que Fez nesta semana para aprender Vetor Velocidade e Vetor Aceleração,3,3,3,4,3,3,4,3,3,3,4,3,2,4,3,4,4,3,3,4,3,2,4,4,3,4,4,3,3,4,3,4,4,3,3,4,0.5929479754475102
P196,FALSE,Menos de 18,38215,NA,Masculino,Solteiro(a),Pardo,Classe média baixa,Heterossexual,Atividades que Fez nesta semana para aprender Vetor Velocidade e Vetor Aceleração,5,5,3,5,4,4,5,5,3,5,5,1,2,5,5,3,3,1,2,5,3,2,5,5,5,5,4,4,3,5,5,5,4,4,3,5,1.25324974391975
P197,FALSE,Menos de 18,38180,NA,Feminino,Solteiro(a),Branco,Classe média,Heterossexual,Atividades que Fez nesta semana para aprender Vetor Velocidade e Vetor Aceleração,4,3,4,3,3,3,3,4,2,5,4,3,4,4,3,2,3,4,2,4,3,4,3,3,3,2,3,4,3,4,3,2,4,4,4,5,0.7983117106128326
P198,FALSE,18-24,36738,NA,Masculino,Solteiro(a),Negro,Classe baixa,Heterossexual,Evento CTF - StarsCTF,5,5,4,5,4,5,5,5,5,5,5,3,5,5,3,3,5,5,5,5,3,5,5,5,3,3,5,5,5,5,4,4,4,5,5,5,0.7740842003337542
P199,FALSE,Menos de 18,39122,NA,Feminino,Solteiro(a),Branco,Classe média baixa,Prefiro não declarar,Aplicativo Question,1,3,4,3,2,3,1,4,3,5,3,2,4,3,3,2,4,3,4,4,2,4,3,3,3,2,3,2,3,3,4,4,4,4,2,4,0.9373214115613857
P200,FALSE,25-34,32557,NA,Feminino,Solteiro(a),Não me identifico,Classe média baixa,Heterossexual,StarsCTF - dia 26,4,4,3,4,4,4,4,4,4,5,3,3,3,4,4,4,4,4,4,5,3,2,4,4,4,4,4,4,4,5,4,4,4,4,4,5,0.6035608621222174
P201,FALSE,Menos de 18,39155,NA,Feminino,Solteiro(a),Negro,Classe média baixa,Prefiro não declarar,Aplicativo Question,2,2,4,2,2,3,2,1,2,2,2,4,4,4,3,1,2,2,3,2,4,2,2,4,4,2,3,2,4,3,3,2,2,1,4,2,0.9673232581274399
P202,FALSE,Mais de 55,23995,NA,Masculino,Casado(a),Pardo,Classe média,Bissexual,Leitura da história:  As aventuras de Oxy e Geny - Uma aventura pelo sistema cardiovascular humano.,5,2,2,2,3,2,4,3,3,2,3,4,4,3,2,3,2,3,4,3,4,4,4,3,3,3,2,3,3,4,4,4,3,1,3,4,0.8742343589025281
P203,FALSE,25-34,33609,NA,Masculino,Casado(a),Branco,Classe média,Prefiro não declarar,Breve aula sobre ergonomia para educadores,5,4,4,3,5,4,4,5,4,3,5,3,4,5,5,3,3,4,3,3,1,4,5,4,3,4,5,4,3,3,5,4,5,5,4,3,0.9373214115613857
P204,FALSE,Menos de 18,38294,NA,Masculino,Solteiro(a),Não me identifico,Classe média,Heterossexual,Atividades que Fez nesta semana para aprender Vetor Velocidade e Vetor Aceleração,3,3,3,4,3,4,2,1,3,4,4,2,3,4,3,4,4,2,4,3,3,4,4,3,4,4,4,4,4,3,3,4,2,3,4,4,0.7928249671720918
P205,FALSE,Menos de 18,38237,NA,Feminino,Solteiro(a),Pardo,Classe média baixa,Heterossexual,Atividades que Fez nesta semana para aprender Vetor Velocidade e Vetor Aceleração,1,1,5,4,2,3,2,1,5,5,2,2,3,4,3,4,2,1,5,4,2,4,3,4,3,4,3,5,5,4,2,5,4,5,5,5,1.3789805298071838
P206,FALSE,Menos de 18,38577,NA,Feminino,Solteiro(a),Pardo,Classe média baixa,Heterossexual,Atividades que Fez nesta semana para aprender Vetor Velocidade e Vetor Aceleração,5,4,2,4,3,4,4,3,3,4,4,2,2,3,3,3,4,4,4,5,4,2,4,3,3,3,3,4,4,5,3,4,3,4,3,5,0.8446845940894527
P207,FALSE,18-24,37007,NA,Masculino,Solteiro(a),Pardo,Classe média baixa,Heterossexual,StarsCTF - dia 26,4,4,2,4,4,2,3,5,4,5,4,1,2,4,4,4,4,5,1,4,2,1,4,4,4,4,4,4,2,4,4,5,4,4,3,4,1.133543397899099
P208,FALSE,Menos de 18,38383,NA,Feminino,Solteiro(a),Pardo,Classe média,Prefiro não declarar,Atividades que Fez nesta semana para aprender Vetor Velocidade e Vetor Aceleração,5,5,5,5,5,5,5,5,5,5,5,5,5,5,5,5,5,4,5,5,4,5,5,5,5,5,5,5,5,5,4,5,5,5,5,5,0.280305955290694
P209,FALSE,Menos de 18,39144,NA,Feminino,Solteiro(a),Branco,Classe média,Prefiro não declarar,Aplicativo Question,4,2,4,3,3,2,2,4,4,3,3,3,4,2,4,2,3,3,4,3,2,2,2,3,3,2,2,4,4,4,4,4,2,3,4,4,0.8409178658720822
P210,FALSE,Menos de 18,38234,NA,Masculino,Solteiro(a),Branco,Classe média,Heterossexual,Atividades que Fez nesta semana para aprender Vetor Velocidade e Vetor Aceleração,4,5,4,4,5,2,3,2,4,3,4,2,3,4,4,2,3,2,4,4,4,3,4,4,5,2,2,2,2,3,5,3,4,2,5,5,1.0790207200446682
P211,FALSE,Menos de 18,38195,NA,Feminino,Solteiro(a),Branco,Classe média,Heterossexual,Atividades que Fez nesta semana para aprender Vetor Velocidade e Vetor Aceleração,4,4,4,4,3,1,4,2,4,5,3,2,3,3,3,5,3,2,4,5,3,4,4,3,4,5,4,2,3,5,2,5,3,3,4,5,1.0552213338878549
P212,FALSE,Menos de 18,38377,NA,Feminino,Solteiro(a),Branco,Classe média,Heterossexual,Atividades que Fez nesta semana para aprender Vetor Velocidade e Vetor Aceleração,4,3,4,2,3,3,4,4,3,4,2,4,3,2,3,3,3,4,4,3,2,3,3,3,4,3,3,5,4,4,4,3,2,5,3,4,0.7928249671720918
P213,FALSE,18-24,36855,NA,Masculino,Solteiro(a),Negro,Classe média,Heterossexual,Evento CTF - StarsCTF,3,3,2,4,4,4,4,3,5,5,2,3,2,5,5,4,4,3,5,5,4,4,3,4,4,5,4,2,3,4,5,5,4,2,5,5,1.0281745265969475
P214,FALSE,Menos de 18,39067,NA,Feminino,Solteiro(a),Pardo,Classe média baixa,Heterossexual,Aplicativo Question,5,5,4,5,4,2,4,1,4,4,5,4,4,5,4,5,5,3,4,5,5,4,5,5,5,5,4,5,3,5,4,5,4,2,5,5,0.996422170998389
P215,FALSE,Menos de 18,38203,NA,Masculino,Solteiro(a),Pardo,Classe média,Prefiro não declarar,Atividades que Fez nesta semana para aprender Vetor Velocidade e Vetor Aceleração,4,5,5,5,4,3,5,3,5,5,5,3,3,5,4,5,5,5,5,5,5,4,5,5,5,5,5,3,5,4,4,5,5,3,5,5,0.7745966692414834
P216,FALSE,Menos de 18,38533,NA,Feminino,Solteiro(a),Branco,Classe média baixa,Heterossexual,Atividades que Fez nesta semana para aprender Vetor Velocidade e Vetor Aceleração,4,3,3,5,3,2,3,3,4,5,3,3,3,4,3,4,4,3,4,5,3,3,4,5,3,5,4,3,4,5,3,4,4,3,4,4,0.7928249671720918
P217,FALSE,45-54,25996,NA,Masculino,Casado(a),Branco,Classe média,Heterossexual,Breve aula sobre ergonomia para educadores,4,4,2,3,4,2,3,5,3,3,5,2,2,4,4,4,3,4,3,3,4,2,3,4,4,4,3,4,2,3,5,4,3,4,4,3,0.8742343589025281
P218,FALSE,Menos de 18,38194,NA,Feminino,Solteiro(a),Branco,Classe média baixa,Heterossexual,A utilização do Kahoot!,4,2,4,3,2,2,4,4,4,4,3,3,4,4,3,3,2,3,5,3,3,4,3,3,2,4,2,3,3,3,4,4,4,3,5,4,0.828078671210825
P219,FALSE,Menos de 18,38266,NA,Feminino,Solteiro(a),Branco,Classe média baixa,Heterossexual,Atividades que Fez nesta semana para aprender Vetor Velocidade e Vetor Aceleração,4,2,3,5,1,1,3,1,5,3,2,2,2,5,1,4,3,1,5,3,1,2,5,5,2,4,2,5,4,3,1,4,5,1,5,3,1.5118578920369088
P220,FALSE,Menos de 18,38924,NA,Masculino,Solteiro(a),Branco,Classe média,Heterossexual,Quiz no Google Form,4,4,5,4,5,3,4,5,5,4,3,3,3,3,5,5,5,3,5,5,4,4,4,5,4,4,5,4,4,4,4,5,3,4,5,4,0.7367883976130072
P221,FALSE,Menos de 18,38300,NA,Masculino,Solteiro(a),Negro,Classe média baixa,Heterossexual,Atividades que Fez nesta semana para aprender Vetor Velocidade e Vetor Aceleração,4,4,3,3,3,2,4,2,3,4,4,2,2,4,4,3,3,2,3,4,4,2,4,3,4,4,3,3,3,5,4,3,4,3,3,5,0.828078671210825
P222,FALSE,Menos de 18,38286,NA,Feminino,Solteiro(a),Branco,Classe média,Heterossexual,Atividades que Fez nesta semana para aprender Vetor Velocidade e Vetor Aceleração,5,4,2,4,4,1,4,1,1,5,5,2,2,5,4,5,5,2,4,5,4,2,4,4,4,5,4,3,2,5,4,4,4,4,1,5,1.3601470508735443
P223,FALSE,Menos de 18,38447,NA,Feminino,Solteiro(a),Branco,Classe média baixa,Prefiro não declarar,Atividades que Fez nesta semana para aprender Vetor Velocidade e Vetor Aceleração,4,3,3,5,4,2,4,1,5,4,3,1,1,4,4,2,4,1,5,4,3,2,5,4,4,2,4,2,4,4,3,4,4,2,5,4,1.2421180068162376
P224,FALSE,Menos de 18,39171,NA,Masculino,Solteiro(a),Branco,Classe média,Heterossexual,Quiz no Google Form,3,3,3,3,3,3,3,3,3,3,3,3,3,3,3,3,3,3,3,3,3,3,3,3,3,3,3,3,3,3,3,3,3,3,3,3,0
P225,FALSE,25-34,32557,NA,Feminino,Solteiro(a),Pardo,Classe média baixa,Heterossexual,Evento CTF - StarsCTF,4,4,3,4,4,4,4,2,4,4,4,4,2,4,4,4,4,2,4,4,4,2,4,4,4,4,4,4,4,5,4,4,4,2,4,5,0.7699721701835351
P226,FALSE,Menos de 18,38120,NA,Masculino,Solteiro(a),Branco,Classe média,Prefiro não declarar,Atividades que Fez nesta semana para aprender Vetor Velocidade e Vetor Aceleração,4,3,4,4,4,3,4,2,3,3,3,2,3,3,4,3,3,3,3,2,4,4,4,4,4,3,3,2,2,3,4,4,4,3,3,3,0.6917885721601857
P227,FALSE,Menos de 18,38912,NA,Feminino,Solteiro(a),Pardo,Classe média,Heterossexual,Quiz no Google Form,3,3,2,3,4,2,3,3,4,4,2,2,4,4,3,2,2,2,4,4,2,3,3,3,4,2,2,3,2,5,4,2,2,3,4,4,0.8944271909999159
P228,FALSE,25-34,33291,NA,Feminino,União estável,Branco,Classe média baixa,Heterossexual,Jogo de xadrez online,4,4,4,4,3,2,3,4,4,2,3,2,4,3,2,3,2,4,2,3,3,4,3,3,2,4,2,2,2,3,4,3,3,2,4,4,0.8261595987094038
P229,FALSE,18-24,36777,NA,Masculino,Solteiro(a),Pardo,Classe baixa,Heterossexual,Evento CTF - StarsCTF,5,5,5,5,5,5,5,5,5,5,5,5,5,5,5,5,5,5,5,5,5,5,5,5,5,3,5,5,5,5,5,5,5,5,5,5,0.33333333333333326
P230,FALSE,25-34,31665,NA,Masculino,Casado(a),Negro,Classe baixa,Heterossexual,Evento CTF - StarsCTF,4,5,2,4,4,2,3,4,4,5,5,4,1,4,4,3,4,4,2,4,4,4,4,4,4,4,4,4,3,4,4,4,4,4,1,5,0.9803627446568499
P231,FALSE,Menos de 18,38327,NA,Feminino,Solteiro(a),Branco,Classe média,Heterossexual,Atividades que Fez nesta semana para aprender Vetor Velocidade e Vetor Aceleração,5,4,4,4,4,4,5,2,5,5,4,4,3,5,4,5,5,2,5,5,4,4,4,5,4,5,5,2,5,5,4,5,5,4,5,5,0.8886408384057872
P232,FALSE,25-34,35063,NA,Masculino,Solteiro(a),Branco,Classe média,Heterossexual,StarsCTF - dia 26,5,5,5,4,4,4,5,5,4,4,4,5,4,4,4,4,4,3,5,4,3,4,5,4,4,4,4,4,5,4,4,5,4,4,5,5,0.5662463427121797
P233,FALSE,Menos de 18,38241,NA,Feminino,Solteiro(a),Branco,Classe média,Prefiro não declarar,Atividades que Fez nesta semana para aprender Vetor Velocidade e Vetor Aceleração,3,2,2,2,2,2,2,2,4,2,2,2,2,2,2,2,2,2,2,2,2,2,2,2,2,2,2,2,2,2,2,2,2,3,4,2,0.50709255283711
P234,FALSE,Menos de 18,38226,NA,Masculino,Solteiro(a),Branco,Classe média,Heterossexual,Atividades que Fez nesta semana para aprender Vetor Velocidade e Vetor Aceleração,4,4,2,4,3,3,3,4,4,4,4,2,2,4,4,4,4,2,4,4,3,2,4,4,3,4,4,5,3,4,4,4,4,5,4,5,0.8333333333333331
P235,FALSE,25-34,33616,NA,Masculino,Solteiro(a),Branco,Classe média,Heterossexual,StarsCTF - dia 26,4,4,4,4,4,4,4,5,4,4,4,4,4,4,4,3,3,5,5,4,3,4,4,4,4,3,4,5,4,4,4,4,4,5,5,4,0.5315446195190797
P236,FALSE,25-34,34585,NA,Masculino,Casado(a),Pardo,Classe média baixa,Heterossexual,Evento CTF - StarsCTF,5,3,3,3,4,3,3,1,4,5,3,3,4,3,3,2,3,1,4,5,3,3,2,4,4,2,2,4,5,5,5,3,3,1,3,5,1.166666666666667
P237,FALSE,Menos de 18,38354,NA,Feminino,Solteiro(a),Branco,Classe média,Heterossexual,Atividades que Fez nesta semana para aprender Vetor Velocidade e Vetor Aceleração,4,4,2,4,3,2,2,2,4,3,4,2,2,4,3,4,4,2,4,4,3,2,4,4,3,4,4,2,2,4,4,4,4,4,4,4,0.8886408384057872
P238,FALSE,Menos de 18,38393,NA,Masculino,Solteiro(a),Pardo,Classe média,Heterossexual,Atividades que Fez nesta semana para aprender Vetor Velocidade e Vetor Aceleração,4,4,4,4,4,2,4,3,4,4,4,4,4,4,4,3,4,4,4,4,4,4,4,4,4,4,4,4,4,4,4,4,4,4,4,4,0.39840953644479743
P239,FALSE,Menos de 18,38292,NA,Masculino,Solteiro(a),Branco,Classe média,Heterossexual,Atividades que Fez nesta semana para aprender Vetor Velocidade e Vetor Aceleração,5,4,3,4,4,2,4,2,2,2,4,3,3,3,4,3,3,2,3,3,4,3,4,3,4,4,3,5,2,4,4,5,3,4,1,3,0.9507724512038906
P240,FALSE,Menos de 18,37452,NA,Feminino,Solteiro(a),Branco,Classe média,Prefiro não declarar,Evento CTF - StarsCTF,3,3,4,4,3,2,4,3,3,3,3,2,3,4,3,3,3,3,4,5,3,3,4,4,3,3,3,3,4,3,3,4,4,3,4,5,0.6825489109748952
P241,FALSE,Menos de 18,38216,NA,Feminino,Solteiro(a),Branco,Classe média,Prefiro não declarar,Atividades que Fez nesta semana para aprender Vetor Velocidade e Vetor Aceleração,4,3,3,4,4,2,4,1,4,4,3,3,4,5,4,3,4,1,4,4,3,4,4,5,4,4,4,1,3,5,4,4,4,3,5,5,1.0495652917219116
P242,FALSE,Menos de 18,38710,NA,Feminino,Solteiro(a),Branco,Classe média,Heterossexual,Atividades que Fez nesta semana para aprender Vetor Velocidade e Vetor Aceleração,5,5,3,5,4,1,5,5,3,5,5,4,4,5,4,1,5,4,4,5,5,4,5,5,4,1,5,5,5,5,4,2,5,5,5,5,1.221500508417205
P243,FALSE,Menos de 18,38117,NA,Masculino,Solteiro(a),Não me identifico,Classe média,Heterossexual,A utilização do Kahoot!,4,2,2,4,2,2,2,4,4,4,4,2,4,4,4,4,4,4,4,4,4,2,2,4,4,4,3,4,4,4,2,2,4,1,4,4,0.9856107606091623
P244,FALSE,Menos de 18,38350,NA,Feminino,Solteiro(a),Negro,Classe média,Heterossexual,A utilização do Kahoot!,4,4,2,5,3,5,4,2,4,5,4,2,1,4,3,5,4,1,4,3,3,2,4,5,5,5,4,1,2,4,4,5,4,2,4,5,1.2749105166233534
P245,FALSE,25-34,34001,NA,Feminino,Casado(a),Branco,Classe média,Heterossexual,Breve aula sobre ergonomia para educadores,3,5,5,5,5,5,5,5,5,5,5,3,5,4,3,2,2,4,5,5,5,5,3,5,5,5,5,5,5,5,5,4,4,5,5,5,0.9102589898327995
P246,FALSE,25-34,NA,25-34,Masculino,NA,NA,NA,NA,Gamificação estereótipo agressividade,5,1,4,4,5,5,3,1,5,5,2,5,5,1,5,4,3,4,5,1,5,5,5,5,2,4,5,5,2,5,5,5,5,3,5,5,1.4342743312012722
P247,FALSE,18-24,NA,18-24,Feminino,NA,NA,NA,NA,Gamificação estereótipo agressividade,4,2,2,2,2,4,4,4,5,3,2,2,2,4,4,4,4,4,4,2,3,2,2,2,4,4,4,3,2,3,2,2,2,4,2,4,0.9996030958367172
P248,FALSE,25-34,NA,25-34,Feminino,NA,NA,NA,NA,Gamificação estereótipo agressividade,4,2,2,5,4,4,4,4,4,4,3,4,4,3,4,5,5,5,5,5,5,5,4,5,4,4,3,3,3,3,4,4,4,5,3,4,0.8446845940894518
P249,FALSE,18-24,NA,18-24,Masculino,NA,NA,NA,NA,Gamificação estereótipo agressividade,4,4,3,3,2,2,4,1,4,3,4,3,3,2,3,2,3,3,4,4,4,3,2,3,3,3,3,4,4,4,3,2,3,4,2,3,0.806225774829855
P250,FALSE,18-24,NA,18-24,Masculino,NA,NA,NA,NA,Gamificação estereótipo agressividade,4,2,4,4,3,4,1,3,4,4,3,4,4,3,4,4,3,3,4,3,4,4,3,4,3,3,4,3,3,4,4,3,4,4,3,4,0.6963624307217005
P251,FALSE,25-34,NA,25-34,Feminino,NA,NA,NA,NA,Gamificação estereótipo agressividade,4,2,2,4,2,2,2,4,2,2,2,4,4,2,4,2,4,1,2,2,4,4,2,4,2,2,2,1,1,4,4,2,4,2,2,3,1.0690449676496976
P252,FALSE,25-34,NA,25-34,Masculino,NA,NA,NA,NA,Gamificação estereótipo agressividade,4,3,3,3,4,4,4,4,4,4,2,3,3,2,2,4,4,4,4,2,3,3,4,3,4,4,4,4,3,4,4,4,3,4,4,4,0.6969320524371696
P254,FALSE,18-24,NA,18-24,Masculino,NA,NA,NA,NA,Gamificação estereótipo agressividade,3,2,4,2,3,4,5,3,2,2,4,3,4,3,2,4,3,2,3,2,4,5,3,2,4,3,2,2,2,3,4,3,2,4,3,2,0.9258200997725514
P255,FALSE,25-34,NA,25-34,Masculino,NA,NA,NA,NA,Gamificação estereótipo agressividade,4,4,4,4,3,4,3,3,4,4,2,4,2,2,4,2,3,2,3,2,3,2,3,4,3,4,3,2,2,3,2,3,4,2,2,3,0.828078671210825
P256,FALSE,Menos de 18,NA,Menos de 18,Feminino,NA,NA,NA,NA,Gamificação estereótipo agressividade,5,1,4,4,5,4,5,4,5,5,2,3,4,1,3,5,3,4,5,3,2,4,5,3,5,3,4,2,1,3,4,5,4,5,1,4,1.3153549825650601
P257,FALSE,25-34,NA,25-34,Feminino,NA,NA,NA,NA,Gamificação estereótipo agressividade,3,2,4,3,4,4,2,2,4,4,4,4,4,3,3,2,3,3,3,3,4,4,5,5,2,3,3,4,4,4,3,5,5,2,3,3,0.9063269671749657
P258,FALSE,18-24,NA,18-24,Masculino,NA,NA,NA,NA,Gamificação estereótipo agressividade,4,4,4,4,3,4,3,2,4,4,4,3,4,4,3,4,3,3,4,4,3,4,3,4,3,3,4,3,3,4,3,4,3,3,2,4,0.6087979308727328
P259,FALSE,18-24,NA,18-24,Masculino,NA,NA,NA,NA,Gamificação estereótipo agressividade,3,4,5,4,4,4,5,4,4,3,4,4,4,2,4,4,4,3,4,4,3,4,4,3,3,3,4,3,3,4,4,4,3,4,5,4,0.6491753010001008
P260,FALSE,25-34,NA,25-34,Masculino,NA,NA,NA,NA,Gamificação estereótipo agressividade,5,1,5,5,5,5,4,5,5,5,2,5,5,5,5,2,5,5,5,1,5,5,5,5,4,5,5,5,1,5,5,5,5,4,4,4,1.2683572677799257
P261,FALSE,Menos de 18,NA,Menos de 18,Feminino,NA,NA,NA,NA,Gamificação estereótipo agressividade,5,3,3,3,5,4,2,2,4,5,4,4,3,1,4,2,2,3,4,4,3,3,5,3,3,3,3,4,4,3,3,5,3,2,5,3,1.0219806477837259
P262,FALSE,18-24,NA,18-24,Feminino,NA,NA,NA,NA,Gamificação estereótipo agressividade,4,3,4,3,4,3,2,3,1,3,2,3,1,4,3,4,3,1,3,3,2,2,4,3,3,3,1,3,3,3,1,4,3,2,3,1,0.9742722151464391
P263,FALSE,18-24,NA,18-24,Feminino,NA,NA,NA,NA,Gamificação estereótipo agressividade,4,5,4,5,2,5,2,3,5,4,4,4,4,5,5,2,3,4,2,4,5,4,4,4,2,3,4,3,2,2,4,2,4,1,1,4,1.2067929426165893
P264,FALSE,18-24,NA,18-24,Masculino,NA,NA,NA,NA,Gamificação estereótipo agressividade,4,2,5,3,4,4,5,4,4,4,4,5,4,2,3,5,4,3,4,3,4,4,5,5,5,4,4,3,3,3,4,4,3,5,4,3,0.8333333333333331
P265,FALSE,18-24,NA,18-24,Masculino,NA,NA,NA,NA,Gamificação estereótipo agressividade,4,1,3,4,5,4,5,4,4,4,3,3,4,3,4,4,4,4,3,3,4,4,5,4,4,4,5,4,3,4,4,5,4,4,4,4,0.7616815149120594
P266,FALSE,18-24,NA,18-24,Feminino,NA,NA,NA,NA,Gamificação estereótipo agressividade,5,2,4,3,2,3,4,4,5,4,4,4,3,5,4,4,4,4,5,3,4,3,2,3,4,4,4,4,3,4,3,2,3,4,4,4,0.8333333333333331
P267,FALSE,18-24,NA,18-24,Feminino,NA,NA,NA,NA,Gamificação estereótipo agressividade,4,2,4,4,2,3,2,4,3,3,4,4,2,3,3,2,4,4,4,4,4,4,3,2,2,4,4,4,4,4,5,3,4,2,4,5,0.9063269671749657
P268,FALSE,35-44,NA,35-44,Masculino,NA,NA,NA,NA,Gamificação estereótipo agressividade,5,1,5,5,3,5,5,1,5,5,1,5,5,3,5,5,1,3,5,5,5,5,3,5,5,1,1,1,3,5,5,3,5,5,1,3,1.6666666666666667
P269,FALSE,25-34,NA,25-34,Feminino,NA,NA,NA,NA,Gamificação estereótipo agressividade,5,2,2,4,2,4,4,3,3,4,2,4,4,4,4,4,3,2,3,5,2,4,2,2,4,3,3,4,5,3,4,2,3,5,4,3,0.9900296612519899
P270,FALSE,18-24,NA,18-24,Masculino,NA,NA,NA,NA,Gamificação estereótipo agressividade,3,3,4,4,5,5,4,3,3,3,3,4,4,4,5,4,3,3,4,4,4,4,4,5,3,3,3,3,4,4,4,4,4,4,3,3,0.6594851286576787
P271,FALSE,18-24,NA,18-24,Masculino,NA,NA,NA,NA,Gamificação estereótipo agressividade,4,2,1,2,4,2,4,1,4,4,3,2,2,4,2,2,2,4,3,4,1,3,3,3,2,2,3,3,2,2,4,2,2,2,2,3,0.9607371508460951
P272,FALSE,18-24,NA,18-24,Feminino,NA,NA,NA,NA,Gamificação estereótipo agressividade,5,2,5,2,4,4,4,2,4,5,1,4,4,1,5,2,3,4,5,1,4,2,5,4,3,2,4,2,1,3,2,5,4,4,3,4,1.3270686158262925
P273,FALSE,18-24,NA,18-24,Feminino,NA,NA,NA,NA,Gamificação estereótipo agressividade,5,1,5,5,2,4,2,5,5,4,5,4,5,1,3,2,5,4,5,1,5,5,1,4,2,1,4,5,4,5,5,1,4,2,5,5,1.5703098470916546
P274,FALSE,18-24,NA,18-24,Masculino,NA,NA,NA,NA,Gamificação estereótipo agressividade,4,1,4,4,4,4,4,4,4,4,2,4,4,2,3,4,2,3,4,2,4,4,4,4,4,4,3,3,4,4,4,4,4,4,3,3,0.8101538164751225
P275,FALSE,18-24,NA,18-24,Masculino,NA,NA,NA,NA,Gamificação estereótipo agressividade,4,3,4,3,4,4,5,3,3,4,2,4,4,3,4,5,3,3,4,2,3,4,3,4,5,3,4,3,2,3,3,3,4,5,2,4,0.8451542547285166
P276,FALSE,18-24,NA,18-24,Masculino,NA,NA,NA,NA,Gamificação estereótipo agressividade,5,1,4,3,4,4,5,2,5,4,4,4,3,5,5,3,3,4,3,2,4,4,4,4,4,2,3,4,2,3,2,4,4,5,2,3,1.0552213338878549
P277,FALSE,18-24,NA,18-24,Masculino,NA,NA,NA,NA,Gamificação estereótipo agressividade,5,3,4,4,4,4,4,3,3,4,3,4,4,3,3,5,3,3,4,3,4,4,4,3,4,3,3,4,3,4,4,4,4,5,3,3,0.6324555320336759
P278,FALSE,18-24,NA,18-24,Masculino,NA,NA,NA,NA,Gamificação estereótipo agressividade,2,3,4,3,3,4,4,3,3,3,4,4,3,4,4,2,2,2,4,4,3,4,2,4,4,3,4,3,4,4,3,3,4,3,2,2,0.7699721701835351
P279,FALSE,35-44,NA,35-44,Masculino,NA,NA,NA,NA,Gamificação estereótipo agressividade,4,4,4,4,3,4,3,2,4,4,2,3,3,3,3,4,2,2,4,3,3,4,3,3,2,2,3,4,4,3,3,3,4,4,2,4,0.7601169500660921
P280,FALSE,18-24,NA,18-24,Feminino,NA,NA,NA,NA,Gamificação estereótipo agressividade,4,4,3,4,3,4,2,4,3,1,5,3,3,2,4,3,2,1,1,5,2,3,2,2,2,3,1,1,5,3,4,4,3,2,1,2,1.2146591395930078
P281,FALSE,18-24,NA,18-24,Masculino,NA,NA,NA,NA,Gamificação estereótipo agressividade,3,3,3,3,4,1,1,2,4,4,4,3,3,1,3,2,3,4,3,2,4,4,5,5,3,3,4,3,2,3,3,5,4,2,3,5,1.082325538564332
P282,FALSE,18-24,NA,18-24,Feminino,NA,NA,NA,NA,Gamificação estereótipo agressividade,4,2,2,4,1,4,2,4,3,4,3,3,4,4,4,2,4,3,4,3,4,4,1,4,4,4,3,3,3,3,4,1,4,2,4,3,0.9803627446568499
P283,FALSE,18-24,NA,18-24,Feminino,NA,NA,NA,NA,Gamificação estereótipo agressividade,4,2,2,4,4,4,4,2,2,4,4,2,2,2,4,4,2,2,2,4,4,4,4,4,2,2,2,2,4,2,4,4,2,4,2,3,0.9996030958367172
P284,FALSE,25-34,NA,25-34,Masculino,NA,NA,NA,NA,Gamificação estereótipo agressividade,4,2,1,5,4,4,3,1,2,3,1,1,4,3,4,2,1,1,4,2,5,4,1,3,2,1,1,3,5,4,5,2,3,3,2,1,1.3901581501900002
P285,FALSE,18-24,NA,18-24,Masculino,NA,NA,NA,NA,Gamificação estereótipo agressividade,2,4,2,1,4,3,2,5,5,2,5,2,2,4,2,2,4,4,2,2,2,2,2,2,2,4,2,1,4,2,1,2,1,2,4,3,1.1988751341576764
P286,FALSE,35-44,NA,35-44,Masculino,NA,NA,NA,NA,Gamificação estereótipo agressividade,4,3,5,5,5,5,2,2,4,5,4,5,5,5,5,2,2,3,5,3,5,5,4,5,2,2,4,4,3,5,5,4,5,2,2,3,1.2224747213928164
P287,FALSE,18-24,NA,18-24,Masculino,NA,NA,NA,NA,Gamificação estereótipo agressividade,4,2,4,5,5,3,4,4,4,4,2,4,4,4,5,2,4,3,4,2,4,5,4,4,2,4,3,3,2,4,5,4,4,2,4,3,0.9644473703415495
P288,FALSE,35-44,NA,35-44,Feminino,NA,NA,NA,NA,Gamificação estereótipo agressividade,4,4,4,4,4,4,3,4,2,2,4,4,4,2,2,2,2,2,2,4,3,4,2,2,3,2,3,2,2,2,4,2,3,2,2,2,0.9305229797662256
P289,FALSE,35-44,NA,35-44,Masculino,NA,NA,NA,NA,Gamificação estereótipo agressividade,4,4,4,4,4,4,3,3,2,3,3,4,4,2,3,3,2,2,3,2,3,4,4,4,3,2,2,3,2,3,4,4,4,3,2,2,0.8203754463755437
P290,FALSE,25-34,NA,25-34,Feminino,NA,NA,NA,NA,Gamificação estereótipo agressividade,4,1,5,4,5,4,1,4,1,4,2,4,4,1,4,1,3,2,4,1,4,4,4,4,1,2,2,2,1,4,4,4,4,1,2,2,1.389301526004607
P291,FALSE,25-34,NA,25-34,Feminino,NA,NA,NA,NA,Gamificação estereótipo agressividade,4,2,4,4,3,3,2,4,2,2,4,4,4,2,2,2,2,2,2,4,4,3,2,3,2,2,2,2,4,4,4,2,2,2,3,2,0.9202311648848878
P292,FALSE,25-34,NA,25-34,Masculino,NA,NA,NA,NA,Gamificação estereótipo agressividade,3,3,3,3,3,3,3,3,3,4,4,4,3,4,3,3,4,4,4,4,4,4,4,3,3,3,3,3,3,3,3,3,3,3,3,3,0.46717659215115753
P293,FALSE,Menos de 18,NA,Menos de 18,Feminino,NA,NA,NA,NA,Gamificação estereótipo agressividade,2,3,1,1,3,2,2,3,4,2,4,3,1,3,3,2,4,2,1,3,3,1,2,2,3,3,2,2,3,2,3,2,2,4,4,4,0.9407022031018292
P294,FALSE,45-54,NA,45-54,Masculino,NA,NA,NA,NA,Gamificação estereótipo agressividade,4,3,3,2,3,2,3,3,4,4,3,2,3,2,3,3,3,3,3,2,3,4,3,3,2,3,4,4,3,3,3,3,3,3,3,4,0.6087979308727328
P295,FALSE,18-24,NA,18-24,Feminino,NA,NA,NA,NA,Gamificação estereótipo agressividade,4,3,2,4,4,4,2,3,4,3,3,4,2,2,4,2,4,3,2,2,4,4,2,4,2,4,3,2,2,4,3,2,4,2,4,4,0.9063269671749657
P296,FALSE,35-44,NA,35-44,Masculino,NA,NA,NA,NA,Gamificação estereótipo agressividade,5,2,4,4,4,4,4,3,4,4,4,4,4,3,4,4,3,4,4,4,4,4,3,4,2,3,4,4,3,4,3,2,2,4,4,4,0.7281199970875198
P297,FALSE,25-34,NA,25-34,Feminino,NA,NA,NA,NA,Gamificação estereótipo agressividade,5,4,2,4,4,2,1,3,2,5,4,3,4,2,3,1,3,2,5,4,4,4,2,4,1,1,1,4,4,2,4,2,4,1,1,2,1.3261712403495103
P298,FALSE,35-44,NA,35-44,Masculino,NA,NA,NA,NA,Gamificação estereótipo agressividade,4,3,4,3,4,4,4,3,4,4,3,4,3,3,4,4,3,3,4,3,4,4,4,3,4,3,3,2,2,4,4,4,3,4,3,4,0.609449400220044
P299,FALSE,25-34,NA,25-34,Masculino,NA,NA,NA,NA,Gamificação estereótipo agressividade,4,2,2,2,3,3,2,4,4,4,3,4,3,2,3,2,4,4,4,3,3,4,2,3,2,3,3,3,3,3,3,2,3,2,4,4,0.7740842003337552
P300,FALSE,25-34,NA,25-34,Feminino,NA,NA,NA,NA,Gamificação estereótipo agressividade,4,2,4,3,3,4,4,4,1,2,3,4,3,2,4,4,3,1,3,2,4,3,3,3,2,1,1,3,4,3,1,2,3,3,5,1,1.1084094137869043
P301,FALSE,18-24,NA,18-24,Masculino,NA,NA,NA,NA,Gamificação estereótipo agressividade,3,3,3,2,4,3,4,2,2,3,4,2,4,3,4,3,3,3,4,4,3,4,4,2,3,3,3,3,4,2,4,4,4,3,3,3,0.7099072150416945
P302,FALSE,18-24,NA,18-24,Feminino,NA,NA,NA,NA,Gamificação estereótipo agressividade,5,3,2,4,4,5,1,3,4,4,3,4,3,1,4,1,3,2,2,4,4,4,4,4,2,3,3,1,3,2,2,4,3,1,3,1,1.1938998389298936
P303,FALSE,25-34,NA,25-34,Masculino,NA,NA,NA,NA,Gamificação estereótipo agressividade,4,3,4,3,3,4,3,4,4,3,3,3,3,2,3,2,4,3,3,3,3,3,2,3,3,3,3,3,3,3,2,3,3,2,3,4,0.5828229059350194
P304,FALSE,35-44,NA,35-44,Feminino,NA,NA,NA,NA,Gamificação estereótipo agressividade,4,2,2,4,3,4,2,2,4,3,2,4,4,2,5,2,2,3,4,2,4,4,2,4,2,2,3,2,2,4,4,2,4,2,2,3,0.9839989676081825
P305,FALSE,25-34,NA,25-34,Feminino,NA,NA,NA,NA,Gamificação estereótipo agressividade,5,4,4,4,3,3,3,3,3,3,3,4,4,4,3,2,3,3,3,3,3,3,3,4,3,2,3,2,2,2,2,3,2,2,3,3,0.736249612606684
P306,FALSE,18-24,NA,18-24,Masculino,NA,NA,NA,NA,Gamificação estereótipo agressividade,5,2,3,4,2,4,3,4,5,5,4,4,4,5,4,5,5,3,4,3,5,4,3,4,2,4,3,2,3,2,5,4,5,5,4,5,1.0281745265969475
P307,FALSE,45-54,NA,45-54,Feminino,NA,NA,NA,NA,Gamificação estereótipo agressividade,5,1,5,4,5,5,5,4,3,5,1,5,5,5,5,2,3,3,5,1,5,4,5,5,2,3,2,4,1,2,4,5,5,3,3,2,1.4540583599999397
P308,FALSE,18-24,NA,18-24,Masculino,NA,NA,NA,NA,Gamificação estereótipo agressividade,3,2,2,3,5,3,5,1,3,3,2,3,3,1,4,5,2,3,3,2,1,3,4,3,3,2,3,2,2,2,4,4,4,5,1,2,1.150224270747176
P309,FALSE,35-44,NA,35-44,Masculino,NA,NA,NA,NA,Gamificação estereótipo agressividade,5,3,4,4,5,5,1,3,3,1,3,5,4,1,4,1,3,1,3,2,3,3,4,3,2,3,1,1,1,3,4,5,4,1,3,1,1.3969922339037184
P310,FALSE,18-24,NA,18-24,Masculino,NA,NA,NA,NA,Gamificação estereótipo agressividade,5,1,5,5,5,5,5,1,3,3,5,5,3,4,5,5,1,5,4,5,5,5,5,5,5,1,5,3,5,5,4,4,4,5,1,3,1.424000624219588
P311,FALSE,35-44,NA,35-44,Masculino,NA,NA,NA,NA,Gamificação estereótipo agressividade,5,1,5,3,5,3,2,3,2,2,3,2,3,3,2,3,2,1,2,5,1,1,2,2,2,2,2,1,5,2,2,2,2,3,2,2,1.1832159566199232
P312,FALSE,25-34,NA,25-34,Feminino,NA,NA,NA,NA,Gamificação estereótipo agressividade,5,4,4,4,4,4,2,2,4,3,2,4,4,1,2,3,3,4,3,3,4,4,3,4,5,3,5,2,2,3,4,4,3,3,2,5,1.0184800377531151
P313,FALSE,18-24,NA,18-24,Feminino,NA,NA,NA,NA,Gamificação estereótipo agressividade,4,2,2,4,3,4,2,4,4,3,2,3,4,2,3,2,4,3,3,2,4,4,2,3,2,2,3,2,2,4,2,3,4,2,2,3,0.8544932592822074
P314,FALSE,25-34,NA,25-34,Masculino,NA,NA,NA,NA,Gamificação estereótipo agressividade,4,2,3,5,4,5,5,3,4,4,3,4,4,4,2,5,2,3,4,2,3,4,5,5,5,3,2,3,2,4,4,4,4,4,3,3,0.9936305084394234
P315,FALSE,18-24,NA,18-24,Masculino,NA,NA,NA,NA,Gamificação estereótipo agressividade,4,4,2,4,5,5,5,2,3,2,2,2,4,4,4,4,2,2,4,4,4,4,4,4,4,2,3,3,2,4,4,4,4,4,2,2,1.0219806477837259
P316,FALSE,18-24,NA,18-24,Feminino,NA,NA,NA,NA,Gamificação estereótipo agressividade,4,1,3,4,4,4,2,4,5,4,4,3,3,2,3,2,4,4,4,3,3,4,4,4,1,2,4,4,2,3,4,4,4,2,5,5,1.0495652917219116
P317,FALSE,18-24,NA,18-24,Masculino,NA,NA,NA,NA,Gamificação estereótipo agressividade,4,4,4,4,4,4,4,4,3,2,3,4,3,3,2,2,4,4,4,3,3,4,4,4,2,3,5,4,4,4,5,4,4,2,4,4,0.806225774829855
P318,FALSE,25-34,NA,25-34,Masculino,NA,NA,NA,NA,Gamificação estereótipo agressividade,4,4,4,5,4,5,5,1,3,4,3,4,4,4,4,4,1,3,4,4,4,4,4,4,4,1,1,3,4,4,4,4,4,4,3,3,1.0522085616183026
P319,FALSE,25-34,NA,25-34,Masculino,NA,NA,NA,NA,Gamificação estereótipo agressividade,3,3,4,4,3,3,4,3,4,3,4,4,3,4,3,4,3,4,3,3,4,3,3,3,4,2,3,2,3,2,2,2,3,4,2,3,0.6969320524371696
P320,FALSE,35-44,NA,35-44,Feminino,NA,NA,NA,NA,Gamificação estereótipo agressividade,4,2,3,5,2,3,4,2,3,4,2,4,4,2,3,4,2,3,3,2,3,4,2,3,4,3,2,3,2,4,4,2,3,4,2,2,0.8944271909999159
P321,FALSE,45-54,NA,45-54,Feminino,NA,NA,NA,NA,Gamificação estereótipo agressividade,4,1,5,5,5,5,5,3,3,5,3,5,5,5,5,5,3,3,5,1,5,5,5,5,5,3,3,5,1,5,5,5,4,5,3,3,1.2823589374447562
P322,FALSE,18-24,NA,18-24,Feminino,NA,NA,NA,NA,Gamificação estereótipo agressividade,5,3,4,5,5,4,4,3,4,5,5,4,4,4,4,3,2,4,4,3,3,4,4,3,3,4,4,4,3,2,4,4,4,4,3,4,0.760116950066091
P323,FALSE,18-24,NA,18-24,Masculino,NA,NA,NA,NA,Gamificação estereótipo agressividade,2,3,3,4,3,4,4,4,4,3,4,4,4,3,4,4,4,4,4,4,3,4,3,4,4,4,3,3,1,4,4,3,4,4,2,3,0.7367883976130072
P324,FALSE,25-34,NA,25-34,Masculino,NA,NA,NA,NA,Gamificação estereótipo agressividade,4,2,4,3,4,2,4,4,4,4,2,3,4,2,2,4,4,4,5,2,5,4,3,3,4,2,4,5,2,4,4,4,4,4,2,3,0.9693722399999603
P325,FALSE,25-34,NA,25-34,Masculino,NA,NA,NA,NA,Gamificação estereótipo agressividade,4,4,1,1,2,4,3,2,4,3,3,4,2,4,2,4,2,4,4,5,2,2,1,1,5,1,4,3,5,2,2,2,1,4,3,5,1.3174650984805198
P326,FALSE,25-34,NA,25-34,Feminino,NA,NA,NA,NA,Gamificação estereótipo agressividade,4,2,4,4,1,3,4,1,3,4,2,3,3,3,4,5,1,2,4,2,4,4,2,3,5,2,3,2,2,3,4,2,4,5,1,1,1.2175958617454656
P327,FALSE,25-34,NA,25-34,Feminino,NA,NA,NA,NA,Gamificação estereótipo agressividade,5,4,4,4,4,4,4,4,4,4,4,4,4,4,4,4,4,4,4,3,3,4,4,4,4,4,4,4,4,4,4,4,4,4,4,4,0.2914114529675094
P328,FALSE,25-34,NA,25-34,Feminino,NA,NA,NA,NA,Gamificação estereótipo agressividade,1,1,1,1,1,1,1,1,1,1,1,1,1,1,1,1,1,3,3,1,1,1,3,3,3,3,3,3,3,3,3,3,2,3,3,4,1.0358647947564743
P329,FALSE,25-34,NA,25-34,Masculino,NA,NA,NA,NA,Gamificação estereótipo agressividade,3,2,4,4,4,4,2,2,4,4,2,4,4,2,4,4,2,3,4,3,4,3,4,4,3,4,3,3,2,4,3,3,4,3,2,3,0.806225774829855
P330,FALSE,25-34,NA,25-34,Feminino,NA,NA,NA,NA,Gamificação estereótipo agressividade,4,3,4,4,5,5,5,3,3,4,2,4,4,4,4,4,2,3,3,2,4,4,4,4,4,2,4,3,2,4,4,5,4,4,2,3,0.9063269671749657
P331,FALSE,18-24,NA,18-24,Feminino,NA,NA,NA,NA,Gamificação estereótipo agressividade,3,2,3,3,2,3,2,4,3,3,4,3,3,4,2,2,4,2,2,4,3,4,3,3,2,1,2,2,4,2,3,2,2,4,2,3,0.8319035353113318
P332,FALSE,18-24,NA,18-24,Feminino,NA,NA,NA,NA,Gamificação estereótipo agressividade,3,2,3,3,2,3,2,4,3,3,4,3,3,4,2,2,4,2,2,4,3,4,3,3,2,1,2,2,4,2,3,2,2,4,2,3,0.8319035353113318
P333,FALSE,25-34,NA,25-34,Feminino,NA,NA,NA,NA,Gamificação estereótipo agressividade,4,4,2,2,2,4,4,2,4,4,4,4,3,4,3,4,2,4,4,4,3,2,2,4,4,2,4,3,3,2,2,2,4,4,2,4,0.9202311648848878
P334,FALSE,25-34,NA,25-34,Masculino,NA,NA,NA,NA,Gamificação estereótipo agressividade,5,1,2,4,4,5,5,5,5,5,5,5,4,5,5,5,5,5,5,2,2,2,5,3,3,3,3,3,3,3,3,3,3,3,4,2,1.2276574673510756
P335,FALSE,25-34,NA,25-34,Masculino,NA,NA,NA,NA,Gamificação estereótipo agressividade,4,3,2,3,5,5,3,1,5,3,2,3,1,2,3,2,2,4,3,5,3,3,4,3,3,3,4,3,3,3,3,3,4,1,2,3,1.0552213338878549
P336,FALSE,25-34,NA,25-34,Feminino,NA,NA,NA,NA,Gamificação estereótipo agressividade,4,2,4,4,3,4,4,3,3,3,3,4,4,4,4,4,2,3,3,3,4,4,2,2,3,2,3,3,4,3,3,3,3,3,2,2,0.7367883976130072
P337,FALSE,25-34,NA,25-34,Masculino,NA,NA,NA,NA,Gamificação estereótipo agressividade,4,3,3,3,1,2,2,1,2,1,1,4,3,3,3,4,1,1,4,4,3,4,1,2,4,1,1,4,4,4,3,1,3,4,1,2,1.2292725943057183
P339,FALSE,25-34,NA,25-34,Masculino,NA,NA,NA,NA,Gamificação estereótipo agressividade,4,2,4,4,3,4,4,4,3,4,3,4,4,3,4,4,3,5,5,2,5,4,3,3,4,4,4,3,2,5,4,3,3,5,4,4,0.8218253010201293
P340,FALSE,18-24,NA,18-24,Masculino,NA,NA,NA,NA,Gamificação estereótipo agressividade,4,2,4,3,4,4,4,1,4,3,2,3,4,4,4,4,2,3,4,2,3,3,4,4,2,4,3,3,2,3,3,4,4,4,4,4,0.8558853209044324
P341,FALSE,18-24,NA,18-24,Feminino,NA,NA,NA,NA,Gamificação estereótipo agressividade,4,1,4,4,4,4,4,3,4,2,4,4,2,1,2,4,3,2,4,1,4,4,2,2,4,2,3,2,2,4,2,4,4,4,4,4,1.089633694092463
P342,FALSE,25-34,NA,25-34,Masculino,NA,NA,NA,NA,Gamificação estereótipo agressividade,4,3,3,4,5,4,4,2,5,4,4,4,4,4,4,4,2,4,4,4,2,4,5,4,4,2,4,3,4,4,4,5,4,4,2,4,0.8409178658720822
P343,FALSE,25-34,NA,25-34,Masculino,NA,NA,NA,NA,Gamificação estereótipo agressividade,5,5,4,4,5,5,5,4,5,5,5,5,5,5,5,5,5,5,5,2,5,5,5,5,5,5,5,5,2,5,5,5,5,5,5,5,0.7319250547113999
P344,FALSE,25-34,NA,25-34,Feminino,NA,NA,NA,NA,Gamificação estereótipo agressividade,4,2,4,4,4,4,2,4,4,3,3,3,3,3,4,2,4,2,2,3,4,4,3,2,2,4,2,3,4,4,3,3,2,2,2,3,0.8409178658720822
P345,FALSE,25-34,NA,25-34,Prefiro não Responder,NA,NA,NA,NA,Gamificação estereótipo agressividade,2,2,3,2,5,3,2,3,2,3,3,2,3,5,3,2,3,2,3,2,3,2,4,3,2,3,2,2,2,3,2,4,3,2,3,2,0.8218253010201293
P346,FALSE,18-24,NA,18-24,Masculino,NA,NA,NA,NA,Gamificação estereótipo agressividade,4,2,4,4,4,4,4,4,4,3,3,4,4,2,4,4,3,3,4,3,4,4,3,3,4,3,3,3,2,2,4,4,4,4,3,3,0.6946507630023041
P347,FALSE,Mais de 55,NA,Mais de 55,Feminino,NA,NA,NA,NA,Gamificação estereótipo agressividade,4,4,5,4,4,4,4,4,4,5,4,4,5,5,4,4,3,3,4,3,4,4,4,4,3,3,3,4,4,4,3,4,4,4,3,3,0.5929479754475102
P348,FALSE,35-44,NA,35-44,Masculino,NA,NA,NA,NA,Gamificação estereótipo agressividade,3,3,4,4,4,4,1,3,4,4,2,4,3,3,4,4,3,4,4,4,4,4,4,4,4,4,4,4,3,4,4,4,4,4,4,4,0.6761234037828132
P349,FALSE,25-34,NA,25-34,Masculino,NA,NA,NA,NA,Gamificação estereótipo agressividade,4,1,4,3,5,4,5,3,4,3,2,4,3,5,3,4,3,2,3,2,4,4,4,3,3,2,2,3,2,4,4,5,5,4,4,4,1.026629560244714
P350,FALSE,25-34,NA,25-34,Feminino,NA,NA,NA,NA,Gamificação estereótipo agressividade,4,2,4,4,4,4,4,3,4,4,3,4,4,4,4,4,3,3,4,3,4,4,4,4,4,3,4,4,3,3,4,4,4,4,3,4,0.5247826458609566
P351,FALSE,Mais de 55,NA,Mais de 55,Masculino,NA,NA,NA,NA,Gamificação estereótipo agressividade,4,1,4,4,5,2,5,3,3,3,4,3,3,1,4,4,4,3,4,2,4,4,4,3,3,4,4,3,1,4,4,5,3,4,4,3,1.02469507659596
P352,FALSE,45-54,NA,45-54,Feminino,NA,NA,NA,NA,Gamificação estereótipo agressividade,4,2,2,4,4,4,5,1,3,4,1,4,4,1,4,5,1,2,4,1,4,4,4,3,2,4,2,4,1,3,5,4,3,5,2,2,1.3261712403495103
P353,FALSE,25-34,NA,25-34,Masculino,NA,NA,NA,NA,Gamificação estereótipo agressividade,4,2,4,5,2,4,1,1,3,5,5,5,5,2,4,1,2,2,4,4,5,5,2,4,2,2,2,2,4,4,5,2,4,1,2,3,1.4040757000349275
P354,FALSE,18-24,NA,18-24,Masculino,NA,NA,NA,NA,Gamificação estereótipo agressividade,5,4,4,5,5,5,2,4,4,4,4,4,5,5,5,1,4,3,5,3,5,4,4,4,1,3,3,4,2,5,4,4,4,1,3,3,1.1801936887041646
P355,FALSE,25-34,NA,25-34,Masculino,NA,NA,NA,NA,Gamificação estereótipo agressividade,5,4,4,4,3,2,5,2,1,2,3,4,5,2,4,5,2,1,2,4,2,4,2,4,4,2,1,2,4,3,5,4,4,4,4,2,1.2608261338037614
P356,FALSE,18-24,NA,18-24,Masculino,NA,NA,NA,NA,Gamificação estereótipo agressividade,4,2,4,4,4,4,3,1,4,4,2,4,4,1,5,2,2,2,5,2,4,4,3,4,2,2,2,4,2,4,5,4,4,2,2,3,1.1588171308956141
P357,FALSE,18-24,NA,18-24,Masculino,NA,NA,NA,NA,Gamificação estereótipo agressividade,4,2,4,4,3,4,4,4,2,4,2,4,4,3,4,3,4,2,4,2,4,4,3,4,4,4,2,3,2,4,4,3,4,4,2,3,0.8333333333333331
P358,FALSE,18-24,NA,18-24,Feminino,NA,NA,NA,NA,Gamificação estereótipo agressividade,5,3,4,4,5,4,2,1,2,4,4,2,2,1,2,2,2,4,4,4,2,3,4,2,2,2,3,4,4,2,2,5,2,2,2,2,1.1656458118700372
P360,FALSE,25-34,NA,25-34,Feminino,NA,NA,NA,NA,Gamificação estereótipo agressividade,3,3,3,3,4,4,4,2,3,3,2,2,3,4,3,4,2,3,3,2,2,3,3,3,4,2,3,3,2,3,3,4,3,4,2,2,0.7149203529842411
P361,FALSE,18-24,NA,18-24,Masculino,NA,NA,NA,NA,Gamificação estereótipo agressividade,4,1,4,4,5,4,5,3,5,3,1,4,5,3,3,5,1,2,4,3,1,4,1,2,5,1,2,1,2,3,3,1,4,5,2,3,1.44392542567843
P362,FALSE,25-34,NA,25-34,Feminino,NA,NA,NA,NA,Gamificação estereótipo agressividade,4,2,2,4,2,2,5,2,3,3,2,2,4,3,2,5,2,3,4,2,2,4,2,2,5,2,3,3,2,3,4,2,2,5,1,4,1.115546702045434
P363,FALSE,Mais de 55,NA,Mais de 55,Masculino,NA,NA,NA,NA,Gamificação estereótipo agressividade,5,1,4,5,5,5,4,3,5,5,5,4,5,2,5,2,4,3,5,1,4,5,4,5,1,4,4,5,1,4,5,4,5,2,2,4,1.3901581501900002
P364,FALSE,25-34,NA,25-34,Masculino,NA,NA,NA,NA,Gamificação estereótipo agressividade,4,2,4,4,4,4,2,3,4,3,3,3,4,2,3,2,2,4,4,4,4,4,4,3,2,2,4,2,4,4,4,4,2,2,2,3,0.8886408384057872
P365,FALSE,35-44,NA,35-44,Feminino,NA,NA,NA,NA,Gamificação estereótipo agressividade,5,2,4,3,4,4,4,1,2,4,2,4,3,2,2,4,1,2,4,3,2,3,3,2,4,2,2,4,2,2,3,3,4,4,1,2,1.0731203574563766
P366,FALSE,25-34,NA,25-34,Feminino,NA,NA,NA,NA,Gamificação estereótipo agressividade,2,2,4,4,2,4,4,3,3,4,2,4,4,4,4,4,3,3,4,3,4,4,2,4,4,3,3,3,2,4,4,2,3,4,4,3,0.7928249671720918
P367,FALSE,35-44,NA,35-44,Masculino,NA,NA,NA,NA,Gamificação estereótipo agressividade,4,2,4,4,4,4,3,2,4,4,4,4,4,2,4,2,3,4,4,2,4,4,4,4,2,4,4,4,2,4,4,4,4,3,4,4,0.8101538164751225
P368,FALSE,35-44,NA,35-44,Masculino,NA,NA,NA,NA,Gamificação estereótipo agressividade,4,2,4,4,4,4,2,2,4,4,4,4,4,2,4,4,4,4,3,2,4,4,4,4,4,4,4,3,2,4,4,4,4,4,4,4,0.7663560447348132
P371,FALSE,25-34,NA,25-34,Feminino,NA,NA,NA,NA,Gamificação estereótipo agressividade,4,4,3,4,3,4,2,1,5,3,4,3,4,2,4,3,2,4,4,4,4,4,3,3,3,3,3,2,3,3,3,4,4,3,4,4,0.828078671210825
P372,FALSE,25-34,NA,25-34,Feminino,NA,NA,NA,NA,Gamificação estereótipo agressividade,4,2,4,4,4,4,4,3,4,4,4,4,4,3,4,3,3,3,4,3,4,4,3,3,2,2,3,3,3,3,3,3,4,4,3,3,0.6448821720849597
P373,FALSE,25-34,NA,25-34,Masculino,NA,NA,NA,NA,Gamificação estereótipo agressividade,3,2,4,3,3,3,4,4,3,3,2,3,3,4,4,4,4,3,3,3,4,3,3,3,2,4,3,3,3,3,3,3,2,4,4,3,0.6242455764220844
P374,FALSE,25-34,NA,25-34,Masculino,NA,NA,NA,NA,Gamificação estereótipo agressividade,5,2,5,4,3,5,4,3,3,2,2,5,4,4,4,3,3,2,4,2,5,4,2,4,4,2,3,2,2,5,4,4,4,3,2,2,1.0994226479066904
P375,FALSE,18-24,NA,18-24,Feminino,NA,NA,NA,NA,Gamificação estereótipo agressividade,2,2,4,4,3,4,2,3,4,4,3,4,4,3,3,2,2,2,3,2,4,4,2,3,3,2,3,2,2,4,4,2,4,2,2,3,0.8600479868487225
P376,FALSE,25-34,NA,25-34,Feminino,NA,NA,NA,NA,Gamificação estereótipo agressividade,2,1,3,4,4,4,2,2,3,2,2,3,4,2,3,1,2,2,3,2,3,4,3,2,1,2,2,2,1,2,4,3,2,1,2,2,0.9373214115613857
P377,FALSE,35-44,NA,35-44,Masculino,NA,NA,NA,NA,Gamificação estereótipo agressividade,3,4,2,2,2,4,4,4,4,4,4,2,2,4,4,2,4,3,5,4,2,2,2,4,4,4,3,3,4,2,2,2,4,4,2,2,0.9900296612519899
P378,FALSE,25-34,NA,25-34,Feminino,NA,NA,NA,NA,Gamificação estereótipo agressividade,3,2,2,3,2,2,3,3,3,2,2,4,3,4,4,4,4,2,2,4,4,4,2,2,2,2,3,2,4,2,2,2,4,1,4,3,0.9202311648848878
P379,FALSE,18-24,NA,18-24,Masculino,NA,NA,NA,NA,Gamificação estereótipo agressividade,3,2,4,3,3,3,5,4,5,4,4,3,4,5,4,5,5,4,5,5,2,3,2,2,3,5,4,2,4,2,3,2,2,1,4,5,1.1832159566199232
P380,FALSE,18-24,NA,18-24,Masculino,NA,NA,NA,NA,Gamificação estereótipo agressividade,5,3,5,4,5,5,5,1,4,5,3,5,4,2,5,2,1,3,5,1,5,5,4,5,2,3,4,5,1,5,5,4,5,5,1,4,1.4757295747452432
P381,FALSE,18-24,NA,18-24,Masculino,NA,NA,NA,NA,Gamificação estereótipo agressividade,5,2,5,5,5,5,5,4,5,5,4,4,3,5,5,5,4,5,5,2,5,4,5,5,5,5,5,3,2,4,4,5,5,5,4,5,0.9373214115613857
P383,FALSE,25-34,NA,25-34,Masculino,NA,NA,NA,NA,Gamificação estereótipo agressividade,5,2,4,3,4,4,2,4,4,5,4,3,4,2,4,2,4,5,4,2,3,4,2,2,1,4,5,4,4,4,4,3,3,1,2,5,1.153325075665456
P384,FALSE,35-44,NA,35-44,Feminino,NA,NA,NA,NA,Gamificação estereótipo agressividade,4,3,4,3,4,4,3,3,4,3,3,4,4,2,3,4,3,3,4,3,4,4,4,3,3,3,4,4,3,3,4,3,3,4,3,3,0.5542047068934521
P385,FALSE,18-24,NA,18-24,Masculino,NA,NA,NA,NA,Gamificação estereótipo agressividade,4,2,3,3,3,4,4,1,4,4,1,4,4,3,4,5,1,3,4,3,4,4,3,4,2,1,3,3,3,4,4,3,4,5,1,3,1.1166133604902806
P386,FALSE,18-24,NA,18-24,Masculino,NA,NA,NA,NA,Gamificação estereótipo agressividade,3,2,4,3,1,2,1,4,3,4,3,2,2,2,3,1,4,2,2,2,1,3,1,2,2,1,1,1,2,1,2,2,2,1,2,3,0.9607371508460951
P387,FALSE,18-24,NA,18-24,Masculino,NA,NA,NA,NA,Gamificação estereótipo agressividade,3,2,2,1,2,5,2,4,3,4,3,2,1,2,5,1,2,3,1,4,5,2,3,2,2,4,3,2,2,4,2,2,3,1,2,3,1.153325075665456
P388,FALSE,25-34,NA,25-34,Feminino,NA,NA,NA,NA,Gamificação estereótipo agressividade,4,1,4,4,5,4,5,2,3,4,4,4,4,4,4,4,3,3,4,1,5,4,5,4,5,3,3,4,1,4,4,4,4,5,3,2,1.0994226479066904
P389,FALSE,Mais de 55,NA,Mais de 55,Feminino,NA,NA,NA,NA,Gamificação estereótipo agressividade,3,5,5,3,2,5,5,3,5,3,5,5,3,5,5,5,3,3,3,5,5,5,3,5,5,3,3,3,5,5,5,2,5,5,3,3,1.0939951539314046
P391,FALSE,45-54,NA,45-54,Masculino,NA,NA,NA,NA,Gamificação estereótipo agressividade,4,2,4,4,5,4,5,3,4,2,4,5,4,4,4,5,2,3,4,5,5,5,4,4,5,4,3,4,4,5,4,4,5,5,3,2,0.9407022031018283
P392,FALSE,35-44,NA,35-44,Feminino,NA,NA,NA,NA,Gamificação estereótipo agressividade,5,1,5,4,5,5,5,3,4,5,4,5,4,4,5,4,3,4,5,1,5,5,4,4,2,3,4,5,2,5,5,4,4,4,3,4,1.121223821162776
P393,FALSE,18-24,NA,18-24,Masculino,NA,NA,NA,NA,Gamificação estereótipo agressividade,5,1,4,4,5,4,3,1,5,4,3,4,4,5,4,5,1,3,4,3,5,5,5,4,4,1,3,3,2,4,4,5,5,4,1,3,1.3153549825650601
P394,FALSE,25-34,NA,25-34,Feminino,NA,NA,NA,NA,Gamificação estereótipo agressividade,4,1,4,4,4,4,2,4,5,4,4,4,4,1,4,2,3,4,4,1,4,4,4,4,4,4,4,4,1,3,4,4,4,2,2,4,1.105182596419511
P395,FALSE,35-44,NA,35-44,Feminino,NA,NA,NA,NA,Gamificação estereótipo agressividade,5,5,4,4,4,4,3,2,3,4,4,3,4,4,3,3,3,3,4,4,4,4,3,3,2,3,4,3,4,3,4,3,3,4,3,4,0.6963624307217005
P396,FALSE,45-54,NA,45-54,Feminino,NA,NA,NA,NA,Gamificação estereótipo agressividade,3,2,3,3,4,3,1,4,2,3,4,1,2,4,2,1,4,1,2,3,2,2,3,3,2,4,2,3,2,2,2,3,3,2,3,2,0.9085135251589959
