gender,age,Q1,Q2,Q3,Q4,Q5,Q6,Q7,Q8,Q9,Q10,Q11,Q12,Q13,Q14,Q15,Q16,Q17,Q18,Q19,Q20,Q21,Q22,Q23,Q24,Q25,Q26,Q27,Q28,Q29,Q30,Q31,Q32,Q33,Q34,Q35,Q36
Feminino,Menos de 18,5,4,4,4,3,4,3,5,3,5,4,2,2,4,3,3,2,4,1,5,4,4,4,4,2,4,3,5,1,5,3,4,4,5,3,5
Masculino,18-24,4,4,3,4,3,3,3,4,3,4,4,2,2,5,4,3,3,4,3,4,3,3,4,4,4,3,3,5,4,4,4,3,4,5,4,4
Masculino,18-24,4,2,4,4,5,5,4,3,2,1,3,2,4,4,5,4,3,4,1,5,4,5,4,4,4,5,3,5,4,5,4,5,3,4,3,5
Masculino,18-24,2,4,3,3,4,4,4,4,4,4,4,2,2,2,4,4,4,4,4,3,3,2,2,2,4,4,4,4,4,3,4,4,4,4,4,3
Feminino,Menos de 18,4,4,4,4,2,3,2,3,4,4,4,3,2,2,2,2,2,4,2,3,2,3,3,4,2,3,2,2,4,2,2,3,4,2,4,4
Masculino,Menos de 18,4,4,3,4,4,3,4,4,4,4,4,1,2,4,4,4,4,4,4,5,4,1,5,4,5,5,5,5,1,5,4,5,4,5,4,5
Feminino,Menos de 18,4,4,3,2,4,3,4,3,2,3,3,2,3,3,3,3,3,3,3,4,4,4,3,3,3,4,2,2,3,3,2,3,3,4,3,3
Feminino,Menos de 18,4,4,2,3,2,2,4,3,2,4,4,2,1,3,3,2,3,3,3,4,3,1,4,3,2,3,3,2,2,4,4,4,4,4,4,4
Masculino,Menos de 18,4,4,2,3,3,4,3,2,2,4,3,3,3,4,3,2,3,2,2,4,3,3,3,4,3,2,4,2,2,4,3,4,3,2,2,5
Masculino,18-24,4,4,3,4,4,3,4,2,4,5,4,3,3,4,5,5,3,2,5,5,4,3,4,4,4,4,3,2,5,5,5,5,4,2,5,5
Feminino,Menos de 18,4,3,3,4,2,3,3,3,4,5,4,3,3,5,4,4,4,3,5,5,3,3,4,5,3,5,4,3,4,5,3,5,4,3,4,5
Masculino,Menos de 18,4,4,3,4,3,1,4,3,3,4,4,2,4,4,4,4,4,2,3,4,3,3,4,4,4,4,4,2,3,4,3,4,4,2,3,4
Masculino,Maior de 55,3,4,4,3,2,1,2,1,4,4,2,2,4,4,2,2,3,3,2,4,2,3,3,3,3,2,2,3,2,1,4,5,4,2,2,4
Feminino,25-34,4,4,4,4,3,4,4,3,3,4,4,4,4,4,4,4,4,3,4,4,4,4,4,4,4,4,4,3,3,4,4,4,4,3,3,4
Feminino,Menos de 18,4,4,4,4,4,2,4,4,4,4,4,4,3,4,3,4,4,4,4,4,3,4,4,4,4,4,4,4,4,4,4,4,4,4,4,5
Feminino,Menos de 18,4,3,2,4,2,2,2,1,4,4,4,4,2,4,3,2,2,2,4,2,3,4,2,3,4,4,2,1,3,3,2,4,2,4,4,5
Masculino,Menos de 18,4,5,4,4,5,1,4,2,4,5,4,2,4,5,4,3,4,2,4,5,4,3,4,4,4,4,5,2,4,5,4,4,4,2,5,5
Feminino,Menos de 18,4,4,4,4,3,2,4,4,4,4,4,3,4,4,3,4,4,4,4,4,3,4,4,4,4,4,4,4,4,4,3,4,3,4,4,4
Masculino,35-44,3,2,3,4,4,4,3,5,4,4,3,2,2,4,4,4,4,5,5,4,3,4,2,4,3,5,4,5,5,4,4,4,4,1,5,4
Feminino,Menos de 18,4,4,3,4,3,2,3,1,3,3,4,2,2,4,4,2,3,1,3,4,3,2,3,4,3,2,2,1,2,4,4,3,3,1,3,4
Feminino,35-44,4,4,5,5,4,4,5,3,3,4,4,3,4,4,4,4,4,3,3,4,4,4,4,4,4,4,4,3,3,4,5,5,4,3,3,5
Feminino,Menos de 18,5,5,5,5,4,1,5,4,1,5,5,3,5,5,5,4,4,4,4,5,5,4,4,4,5,4,5,4,2,5,5,5,5,5,2,5
Masculino,Menos de 18,4,4,4,4,4,3,4,4,3,5,3,4,3,5,4,5,4,4,3,3,4,4,3,4,3,4,4,4,3,5,3,4,4,5,3,5
Masculino,Menos de 18,4,4,2,2,3,4,5,4,4,2,4,4,3,4,4,2,4,3,3,4,4,4,4,2,2,3,4,4,3,5,4,3,2,3,4,4
Masculino,Menos de 18,4,2,2,3,1,1,3,3,4,2,2,2,2,1,2,2,2,2,2,2,2,2,3,1,2,3,3,3,4,2,3,4,4,5,5,2
Masculino,Menos de 18,5,3,3,4,3,2,3,2,4,5,4,2,2,5,3,2,3,2,4,5,3,2,3,3,4,3,3,2,2,5,4,2,4,2,4,5
Masculino,Menos de 18,3,3,3,3,2,1,3,1,3,3,1,3,3,1,1,1,3,1,3,3,3,3,3,2,1,1,3,1,3,3,2,1,3,1,3,3
Masculino,Menos de 18,5,4,4,5,4,4,4,4,3,4,4,1,4,4,4,4,4,4,3,4,3,4,4,4,4,4,4,4,3,4,4,4,5,4,3,5
Masculino,18-24,3,3,2,4,3,2,4,2,4,5,3,1,2,4,4,4,4,3,3,5,2,2,4,4,4,4,4,2,4,5,4,4,4,2,4,5
Feminino,Menos de 18,4,5,3,4,4,1,4,3,3,4,4,2,2,4,3,4,4,2,4,4,4,2,4,4,3,4,4,3,2,4,3,5,5,3,3,4
Feminino,25-34,4,4,2,4,4,2,4,4,4,4,4,2,2,4,4,4,4,4,4,4,4,2,4,4,2,4,4,4,4,4,2,4,4,4,4,4
Feminino,35-44,5,4,4,4,4,2,4,4,3,4,4,4,4,4,4,4,4,2,3,4,3,4,5,4,4,4,4,4,3,4,4,4,4,4,3,5
Masculino,Menos de 18,4,4,2,4,4,2,2,4,4,4,4,1,2,4,4,4,2,4,4,4,3,2,4,4,4,4,4,4,4,4,4,4,4,4,4,4
Masculino,Menos de 18,5,5,4,5,3,3,4,4,4,5,4,3,3,5,4,3,4,4,3,4,3,4,5,4,3,3,4,5,4,5,3,4,5,5,3,5
Feminino,Menos de 18,5,5,3,5,5,4,5,3,3,5,5,5,4,5,5,4,4,4,3,5,5,3,5,5,5,5,5,3,3,5,5,4,5,4,3,5
Feminino,Menos de 18,4,2,3,4,4,2,4,2,2,5,4,2,2,4,4,3,4,3,1,4,3,2,4,4,4,4,4,2,1,5,3,4,4,3,1,5
Masculino,Menos de 18,4,2,3,4,1,1,2,2,4,3,2,1,2,4,2,2,4,2,2,4,2,2,3,4,2,3,4,3,2,4,2,4,4,3,4,4
Feminino,35-44,5,5,5,5,4,5,2,5,5,5,5,5,3,5,5,5,5,5,5,5,5,5,5,5,5,5,5,5,5,5,2,5,5,5,5,5
Feminino,Menos de 18,4,4,3,3,3,3,4,3,3,4,4,3,3,4,3,2,3,2,3,3,4,3,4,4,3,2,3,2,3,3,2,3,4,3,3,4
Masculino,35-44,4,3,3,4,3,3,3,4,3,2,3,4,2,4,4,2,3,4,3,2,3,2,4,4,4,2,3,4,2,3,4,2,4,4,2,2
Masculino,Menos de 18,3,3,3,3,3,4,3,2,4,2,3,3,3,3,3,3,3,3,2,2,2,2,3,2,3,3,3,3,4,3,3,3,3,2,4,2
Feminino,Menos de 18,4,3,3,3,4,2,3,4,5,3,4,2,2,4,3,5,3,4,5,3,3,2,3,4,4,4,4,5,4,4,3,5,3,5,4,3
Feminino,Menos de 18,3,1,1,3,3,1,3,5,5,3,1,5,5,5,3,3,3,1,5,3,1,1,3,5,1,5,3,3,5,3,3,1,1,3,3,4
Masculino,Menos de 18,4,4,3,4,3,3,4,2,3,3,4,5,3,4,4,3,4,2,3,3,4,3,3,4,4,2,3,2,3,4,3,4,3,2,3,4
Masculino,Menos de 18,4,5,4,4,3,1,4,2,1,4,4,4,3,4,4,3,3,3,2,4,3,4,4,4,3,3,3,2,1,4,4,3,4,3,1,5
Masculino,25-34,4,4,3,4,4,4,4,3,4,4,3,3,3,4,4,4,4,4,4,4,3,4,4,4,4,4,4,3,4,4,4,4,4,3,4,4
Feminino,Menos de 18,4,4,3,4,4,5,4,2,4,3,4,3,3,5,5,2,4,2,4,4,4,3,5,5,4,3,4,2,3,4,5,4,5,3,4,4
Feminino,Menos de 18,4,4,4,4,4,2,4,3,4,4,5,3,4,3,4,4,4,4,4,4,3,4,4,3,4,4,4,3,4,4,5,4,4,3,4,4
Masculino,18-24,4,4,3,4,4,3,4,3,4,5,4,2,3,4,4,3,3,3,4,4,4,2,4,4,4,3,3,2,4,5,4,4,4,3,4,5
Feminino,Menos de 18,4,1,2,2,2,4,3,3,3,3,3,3,3,3,2,2,2,2,3,3,2,4,3,2,2,2,3,3,3,3,2,2,4,3,3,2
Feminino,Menos de 18,4,4,3,4,4,1,3,4,2,3,4,3,3,4,4,4,3,2,2,3,3,2,3,4,4,4,3,4,3,4,5,4,4,4,2,4
Feminino,Menos de 18,4,2,4,2,3,1,4,1,5,4,2,3,3,5,4,4,3,2,5,2,2,2,2,4,3,5,3,5,5,4,3,5,4,4,5,4
Feminino,Menos de 18,4,4,2,4,3,1,4,1,4,4,3,2,2,5,4,4,3,1,5,5,4,2,4,4,4,4,3,1,3,5,3,4,4,1,4,4
Feminino,Menos de 18,2,3,3,3,3,3,3,3,3,3,3,2,3,3,3,3,3,3,3,3,3,3,3,3,3,3,3,3,3,3,3,5,4,5,3,3
Feminino,Menos de 18,5,4,2,5,4,4,4,3,1,4,5,3,3,5,4,4,5,3,3,5,4,3,4,5,5,4,5,3,2,5,4,4,5,4,1,4
Feminino,25-34,3,2,2,2,2,2,3,4,3,4,2,3,2,3,3,3,3,4,3,3,2,2,3,3,2,3,2,4,3,4,3,3,3,4,3,3
Masculino,Menos de 18,5,5,4,5,4,4,5,4,5,5,5,2,4,5,5,5,4,2,5,5,4,4,4,5,5,5,5,4,5,5,4,5,5,4,5,5
Masculino,Menos de 18,5,5,3,5,4,2,4,3,3,5,5,1,3,5,4,4,4,3,3,5,3,3,5,5,4,4,5,3,3,5,4,4,5,3,3,5
Feminino,25-34,3,3,3,2,2,3,3,4,3,3,3,3,2,2,2,2,2,4,3,3,3,3,2,3,3,2,2,4,3,3,2,2,2,4,3,3
Feminino,Menos de 18,4,2,2,4,3,2,3,4,2,3,2,3,3,4,3,5,5,3,3,3,3,3,2,3,3,4,4,4,2,3,4,4,4,4,5,4
Feminino,Menos de 18,3,3,2,3,2,2,3,3,4,2,3,4,4,4,2,2,3,3,4,2,2,3,3,3,2,2,3,3,3,3,2,1,3,2,4,4
Masculino,18-24,3,3,2,4,4,2,3,5,4,5,2,2,2,4,4,4,2,4,4,5,4,2,4,4,4,4,4,5,4,5,5,4,3,5,4,4
Masculino,18-24,4,4,4,4,4,2,4,1,5,4,4,3,4,4,4,4,4,2,4,4,4,3,3,4,4,4,4,1,4,5,4,4,4,2,4,5
Masculino,35-44,4,4,3,3,4,2,3,3,2,4,3,4,3,4,4,2,3,3,2,4,3,3,4,4,4,2,3,3,2,4,4,2,4,2,3,3
Masculino,18-24,4,3,3,3,3,4,3,3,4,5,4,3,3,4,4,5,4,3,4,5,4,3,4,4,4,4,4,3,2,5,3,4,3,4,4,5
Masculino,Menos de 18,5,4,3,5,4,2,4,4,5,5,5,2,2,4,3,4,3,3,5,5,4,3,5,4,3,4,4,4,5,5,3,5,4,5,4,5
Masculino,18-24,4,2,3,2,4,4,3,2,4,5,2,3,3,4,4,3,2,2,4,4,2,2,3,3,3,4,2,2,4,5,4,4,2,4,4,5
Masculino,Menos de 18,5,4,3,4,5,1,4,4,4,5,5,2,1,4,4,5,5,3,4,5,4,1,4,5,4,5,5,4,4,5,4,5,4,4,3,5
Feminino,Menos de 18,5,4,3,5,2,2,4,2,5,3,4,3,5,4,2,2,1,2,4,3,2,3,4,4,2,3,4,2,4,3,2,3,2,2,4,4
Masculino,Menos de 18,5,5,3,5,4,4,5,3,4,5,5,2,2,5,4,4,5,3,4,5,4,2,5,5,5,4,4,3,4,5,4,5,5,3,4,5
Masculino,18-24,5,5,2,2,2,1,4,2,2,5,2,1,2,2,2,2,2,3,2,5,2,5,2,3,4,3,4,5,1,5,5,5,3,3,3,5
Masculino,25-34,4,3,4,3,3,4,3,5,3,5,3,4,3,4,4,4,4,3,4,4,3,3,2,3,4,4,4,4,4,4,4,4,3,5,4,4
Masculino,Menos de 18,5,3,2,4,4,3,4,4,4,5,3,2,2,4,4,3,4,1,4,4,3,3,4,4,4,5,4,1,2,4,4,4,4,4,4,5
Masculino,Menos de 18,5,5,5,4,5,3,5,4,5,5,4,5,4,3,4,5,5,5,5,5,5,5,4,5,3,4,4,5,5,5,3,5,4,4,4,5
Masculino,Menos de 18,5,2,2,4,2,4,2,2,3,2,2,3,4,4,5,1,1,3,3,3,3,4,3,3,1,3,5,5,4,3,3,3,3,3,3,5
Feminino,Menos de 18,5,5,5,5,4,2,5,5,4,5,5,4,3,5,5,5,5,5,4,4,5,3,5,5,4,5,5,5,4,5,5,5,5,5,3,5
Masculino,Menos de 18,4,4,3,3,3,2,3,3,2,4,4,3,3,4,3,4,3,3,2,4,3,3,4,4,3,4,3,3,2,4,3,4,4,4,2,4
Feminino,Menos de 18,4,3,2,4,3,4,4,3,4,3,3,3,4,4,3,3,3,4,4,4,3,1,4,3,2,3,4,4,4,3,3,4,5,3,5,3
Masculino,Menos de 18,5,5,4,4,5,4,4,3,4,5,5,2,4,5,5,4,5,4,4,4,4,4,5,4,4,4,5,3,4,5,5,5,5,3,4,5
Feminino,Menos de 18,4,3,3,3,2,1,4,1,3,5,3,3,3,4,4,3,2,1,3,4,3,4,3,4,4,3,3,1,3,4,3,3,2,1,3,4
Masculino,Menos de 18,4,4,2,4,4,2,4,5,4,3,4,2,2,4,4,3,4,5,4,4,4,4,4,4,4,4,4,5,1,4,4,3,4,5,4,5
Masculino,18-24,5,5,4,4,4,3,4,2,4,5,4,3,3,4,4,3,3,2,4,5,4,3,4,4,4,3,4,2,4,4,4,4,4,2,4,5
Masculino,Menos de 18,5,4,4,3,4,2,3,5,1,4,3,4,2,3,4,2,2,1,2,4,4,3,1,3,4,4,2,5,1,4,4,5,5,5,1,5
Masculino,Menos de 18,4,3,4,4,4,1,4,2,3,3,4,1,3,5,4,5,4,2,3,5,3,2,4,4,4,4,4,4,3,5,3,5,4,4,3,5
Feminino,Menos de 18,3,3,2,2,3,3,3,3,3,3,3,3,3,3,3,3,3,3,2,3,3,2,3,3,3,4,3,3,2,4,3,4,3,2,2,3
Feminino,Menos de 18,4,4,4,4,4,1,4,4,3,3,4,4,4,4,4,3,4,4,4,4,4,4,5,4,4,3,4,4,4,4,4,3,4,5,5,4
Feminino,Menos de 18,3,2,3,3,2,3,1,1,3,2,1,2,3,1,1,3,2,1,2,3,3,2,2,2,2,2,3,1,3,3,3,3,3,1,4,4
Feminino,Menos de 18,4,3,3,4,4,4,4,4,4,4,4,3,3,3,4,4,3,3,4,3,3,2,5,4,4,4,3,4,2,4,4,5,5,5,4,5
Masculino,Menos de 18,4,4,3,4,4,3,4,4,3,4,4,2,3,4,4,3,4,4,3,4,4,3,3,4,4,3,4,4,3,4,4,4,4,4,3,4
Feminino,Menos de 18,5,4,3,5,4,4,3,3,3,5,5,3,1,5,5,4,3,2,3,5,4,2,5,5,3,4,4,5,2,5,4,4,4,2,2,5
Feminino,Menos de 18,4,4,3,4,3,1,3,1,4,4,4,3,3,4,4,2,3,3,4,4,3,3,4,4,3,4,3,2,2,5,3,4,3,5,4,5
Feminino,25-34,4,4,4,4,2,2,4,4,4,4,4,2,2,4,3,2,2,4,2,4,2,2,4,3,2,2,2,2,3,4,2,3,2,2,3,4
Feminino,Menos de 18,4,4,3,3,2,2,3,1,3,5,1,3,3,4,3,2,3,2,3,4,3,3,3,3,1,3,2,1,3,5,2,2,3,1,4,5
Masculino,25-34,4,5,3,4,4,5,4,5,4,5,5,3,4,4,4,3,4,4,5,5,4,4,3,4,4,4,4,4,5,5,4,4,4,4,5,5
Masculino,18-24,5,5,5,5,5,2,5,2,5,5,5,5,5,5,5,5,5,5,5,5,5,5,5,5,5,5,5,5,5,5,3,5,5,5,5,4
Masculino,Menos de 18,4,5,3,5,5,3,5,3,3,5,4,2,3,5,5,5,5,3,3,5,5,3,5,5,5,5,5,3,1,5,5,5,5,4,3,5
Masculino,35-44,3,5,5,5,4,5,4,5,5,5,3,2,3,5,4,5,4,5,5,5,4,3,2,5,4,5,5,5,5,5,4,5,3,5,5,5
Feminino,Menos de 18,4,3,4,4,4,2,3,3,4,4,3,2,2,4,3,4,4,2,4,4,3,3,3,4,3,4,3,2,4,4,2,2,3,5,4,4
Feminino,Menos de 18,3,5,4,3,2,4,2,4,1,4,3,1,3,3,3,1,4,3,4,3,4,2,5,4,2,4,5,1,2,4,3,2,3,3,4,1
Feminino,Menos de 18,3,3,3,4,4,2,4,3,2,3,3,3,3,5,4,4,4,3,2,3,3,2,4,4,4,4,4,3,2,4,4,4,4,3,2,3
Feminino,Menos de 18,4,4,3,4,4,3,4,3,3,3,4,4,4,4,4,3,3,3,3,4,4,3,4,4,4,3,3,3,3,4,4,4,4,3,3,4
Masculino,Menos de 18,3,4,3,3,3,1,2,4,5,1,3,4,4,4,4,1,5,5,1,1,2,2,2,2,2,2,4,5,3,3,4,4,4,4,4,5
Masculino,18-24,4,5,5,5,5,5,5,5,5,4,5,5,3,3,3,3,3,3,3,3,3,3,5,3,3,3,3,3,3,5,5,5,5,5,5,5
Feminino,18-24,5,5,4,5,5,5,5,5,5,5,2,2,4,5,5,2,3,5,5,5,2,2,5,5,5,5,4,5,4,5,4,2,4,4,4,5
Feminino,Menos de 18,5,4,3,5,5,4,5,1,2,4,4,2,4,5,4,5,5,2,2,4,4,4,4,5,4,5,5,1,2,4,4,5,4,1,1,4
Masculino,18-24,4,4,2,3,4,2,3,5,4,5,2,2,2,4,4,3,2,5,4,4,4,2,3,4,4,4,4,5,4,5,4,4,3,5,5,4
Feminino,Menos de 18,4,4,2,4,4,4,3,3,4,3,4,2,2,4,5,2,2,2,3,4,3,2,4,3,4,4,2,3,3,5,5,4,4,3,4,4
Masculino,35-44,4,4,3,4,3,4,4,4,4,5,3,2,2,4,4,2,3,4,4,4,2,2,4,3,4,2,4,4,3,4,4,2,4,4,4,5
Masculino,Menos de 18,4,1,2,3,3,3,4,4,2,3,3,4,3,4,3,3,4,3,4,3,3,2,4,4,4,3,4,4,2,4,3,3,4,3,3,4
Masculino,25-34,4,5,2,5,5,2,4,5,2,5,5,1,2,5,5,4,4,1,2,5,4,1,4,5,4,4,4,5,2,5,4,4,4,5,3,5
Feminino,Menos de 18,4,4,4,3,2,4,3,2,4,4,3,4,4,4,2,4,2,2,5,4,4,4,4,4,2,4,3,2,4,4,2,4,4,2,4,5
Masculino,Menos de 18,5,5,3,5,5,5,5,3,3,4,5,4,3,4,5,4,4,3,3,4,4,3,4,5,5,4,5,3,3,5,5,5,4,4,3,5
Feminino,Menos de 18,4,3,4,4,4,5,4,5,4,4,4,4,3,5,4,4,4,5,4,5,3,4,3,4,4,4,3,5,3,4,4,4,3,5,4,5
Masculino,Menos de 18,4,4,3,3,3,2,4,4,3,4,4,4,4,3,3,3,4,4,2,4,3,4,3,3,4,3,4,3,3,5,4,3,4,3,3,3
Feminino,Menos de 18,3,4,3,4,3,2,3,5,4,3,4,4,3,3,4,4,4,4,3,2,2,3,3,4,4,4,3,5,4,4,4,3,3,5,5,2
Masculino,Menos de 18,4,4,4,3,4,2,3,4,4,3,2,2,2,4,3,1,2,4,3,3,3,2,4,4,4,1,3,4,4,3,2,2,3,4,4,2
Masculino,Menos de 18,5,5,5,5,5,5,5,5,5,5,5,3,5,5,5,5,5,5,5,5,5,5,4,5,5,5,5,5,5,5,4,3,4,5,5,5
Masculino,Menos de 18,5,4,4,4,4,2,4,4,4,5,4,1,4,4,4,2,2,3,4,4,4,4,4,4,4,2,2,4,4,4,5,3,4,2,4,4
Masculino,Menos de 18,5,3,3,3,4,1,4,2,4,4,3,4,4,4,4,4,4,4,4,4,3,3,3,4,4,4,4,4,3,4,4,5,5,5,5,4
Feminino,Menos de 18,4,2,2,2,3,2,2,2,2,3,2,2,2,2,2,2,2,3,3,3,2,2,2,2,2,2,2,3,2,4,2,2,2,2,3,4
Feminino,Menos de 18,4,3,2,4,4,4,3,4,4,3,2,2,2,4,4,2,2,4,2,3,3,2,3,4,4,2,4,4,4,3,4,3,4,4,4,4
Masculino,45-54,4,3,4,3,4,2,4,5,4,4,3,4,4,4,4,3,2,5,3,3,2,4,3,2,4,2,2,5,3,3,3,2,4,5,4,4
Masculino,Menos de 18,4,4,4,5,4,1,4,2,4,4,4,1,4,4,4,4,4,4,4,4,4,4,4,4,4,4,4,4,4,4,3,5,4,5,3,5
Feminino,Menos de 18,4,2,4,3,3,2,2,4,4,4,4,3,2,4,2,1,3,4,4,4,2,3,2,3,3,2,3,4,4,2,2,1,4,4,3,4
Masculino,Menos de 18,3,3,2,4,4,1,4,1,1,3,3,3,3,3,4,4,5,1,3,3,3,3,4,4,4,4,4,2,3,4,5,4,4,2,4,4
Masculino,Menos de 18,1,1,4,5,5,4,3,5,2,1,5,3,5,5,5,2,4,5,2,2,1,4,5,5,5,2,3,5,1,1,5,4,5,5,2,1
Feminino,Menos de 18,5,4,2,4,3,1,4,3,5,4,5,1,3,4,3,4,4,3,5,5,4,2,4,4,5,4,4,3,5,5,3,5,5,3,5,4
Masculino,Menos de 18,5,5,5,4,4,4,4,3,4,5,4,4,2,4,4,4,4,2,4,5,4,2,5,4,4,4,4,2,3,4,4,5,5,3,4,5
Feminino,Menos de 18,5,4,2,4,4,2,4,3,4,4,4,3,2,4,4,3,3,2,4,4,4,2,3,4,4,4,4,3,2,4,4,4,4,3,4,4
Feminino,Menos de 18,4,2,3,4,3,4,4,4,3,4,4,3,2,4,4,3,3,3,4,4,3,2,3,3,4,4,4,4,4,3,3,3,4,4,4,3
Feminino,Menos de 18,2,2,2,2,2,4,2,4,4,2,2,3,2,4,2,2,2,4,4,2,2,2,2,2,2,2,2,4,4,2,3,2,2,4,4,2
Feminino,Menos de 18,5,4,3,4,4,5,3,3,4,5,5,2,2,5,4,4,5,4,5,5,4,2,3,4,4,4,5,4,3,4,4,4,4,4,3,5
Masculino,18-24,4,3,2,3,3,4,4,4,4,5,3,2,2,4,2,3,3,4,5,5,2,2,2,3,4,3,3,2,4,5,2,4,4,4,4,5
Feminino,Menos de 18,4,4,4,5,5,1,4,3,3,5,4,1,2,5,5,2,5,1,3,5,4,1,5,5,5,3,5,2,4,5,5,4,5,2,3,5
Masculino,Menos de 18,3,4,4,3,2,3,3,3,4,4,4,4,4,3,3,2,2,4,4,4,3,4,3,3,3,2,2,4,4,3,2,2,2,4,4,4
Feminino,Menos de 18,4,4,4,4,4,1,4,3,4,4,5,2,2,5,4,5,4,3,3,4,4,2,4,5,4,4,4,3,4,5,4,4,4,3,3,5
Masculino,Menos de 18,4,4,1,5,4,4,5,4,1,3,5,2,2,4,4,4,4,2,3,4,3,2,5,4,3,4,5,4,3,4,3,4,5,4,2,4
Feminino,Menos de 18,3,3,2,5,4,1,4,3,2,4,3,3,2,5,3,5,4,2,2,5,3,2,5,5,3,5,4,3,3,5,3,5,5,5,2,5
Feminino,Menos de 18,4,3,3,4,3,1,3,1,4,5,3,3,3,4,4,3,4,2,5,3,3,3,3,4,3,3,2,1,3,3,4,4,4,1,5,4
Masculino,Menos de 18,5,4,3,5,4,4,4,5,3,4,5,2,2,4,4,4,4,2,3,4,4,2,4,4,4,4,4,5,3,5,4,4,5,5,3,5
Masculino,Menos de 18,5,4,3,4,4,1,4,2,4,5,5,2,2,5,5,5,5,2,4,5,5,3,3,4,4,5,4,2,3,5,5,5,5,3,3,5
Masculino,Menos de 18,5,4,3,4,4,2,3,3,2,5,4,3,2,5,4,4,4,3,3,5,3,2,4,4,4,4,4,3,2,5,4,4,4,3,2,5
Masculino,18-24,4,5,4,3,2,4,3,4,4,3,5,2,4,3,2,4,4,3,4,3,4,2,4,2,2,4,3,5,4,3,3,5,4,5,4,4
Feminino,Menos de 18,5,5,5,5,5,3,4,3,5,5,5,1,4,5,5,5,5,5,5,5,5,4,5,4,5,5,5,4,5,5,5,5,5,5,5,5
Feminino,Menos de 18,4,3,3,3,4,4,4,3,3,5,3,3,3,4,4,3,4,2,3,5,3,3,4,4,3,4,4,3,5,5,4,4,4,4,3,4
Masculino,18-24,2,4,2,2,5,1,5,5,5,5,2,2,4,5,5,1,2,5,5,3,1,3,3,2,5,1,3,5,3,3,5,2,3,5,5,5
Masculino,25-34,4,3,4,4,4,3,3,5,4,4,4,4,4,4,4,2,2,4,4,3,2,4,3,2,4,3,3,5,4,4,3,2,3,5,4,4
Feminino,Menos de 18,4,4,4,5,4,3,4,3,3,3,4,3,3,3,4,2,4,2,4,4,3,4,4,4,4,3,4,4,4,4,5,4,4,5,5,4
Masculino,25-34,4,3,3,3,2,2,4,5,3,5,4,3,2,3,4,4,2,5,3,4,3,2,3,3,3,4,3,5,3,5,2,4,4,5,3,5
Feminino,45-54,4,4,4,4,4,4,4,4,4,4,4,4,3,4,4,4,4,3,4,4,4,3,4,4,4,4,4,3,4,4,4,4,4,3,4,4
Feminino,18-24,4,3,3,3,3,3,4,4,4,5,3,3,3,4,3,2,3,3,4,4,3,3,4,4,3,2,3,3,4,5,4,2,4,4,4,5
Masculino,Menos de 18,4,4,3,4,4,1,4,3,1,4,3,2,2,4,4,4,4,4,2,4,3,3,4,4,4,4,4,5,2,4,4,4,3,5,1,4
Feminino,Menos de 18,4,4,3,4,4,2,3,2,2,3,4,2,3,4,4,4,3,2,2,4,3,3,4,4,4,4,4,2,2,4,3,4,4,2,2,3
Masculino,Menos de 18,4,4,3,4,4,2,4,3,2,4,4,2,2,4,4,2,3,4,2,4,3,2,4,4,3,3,4,4,2,4,2,3,4,4,2,5
Feminino,Menos de 18,4,3,4,4,3,2,3,2,3,3,4,3,3,4,3,3,4,3,3,4,3,4,4,3,4,3,4,3,2,4,3,4,4,3,4,4
Feminino,18-24,4,3,4,4,4,3,4,5,4,4,4,2,3,4,4,4,4,4,3,4,3,3,3,4,3,4,4,5,3,4,2,4,4,5,4,4
Feminino,Menos de 18,4,3,4,4,3,4,4,1,2,4,2,2,2,5,4,4,4,1,2,4,3,4,3,4,4,5,4,1,2,4,4,5,4,1,1,4
Masculino,Menos de 18,4,3,2,3,2,2,3,2,1,4,3,2,2,3,3,5,4,2,1,4,3,2,3,3,2,5,4,2,1,5,4,5,4,3,1,4
Feminino,Menos de 18,1,1,2,3,3,3,4,2,3,1,3,4,5,1,3,4,5,4,3,3,2,2,4,3,1,2,4,4,2,3,3,4,5,2,1,2
Masculino,25-34,4,2,2,2,3,5,3,3,5,5,3,1,2,4,2,5,3,3,5,5,2,2,4,4,3,5,4,3,5,5,3,5,3,3,5,5
Feminino,Menos de 18,3,4,3,3,4,3,4,4,4,3,3,2,4,4,3,3,4,4,3,4,4,3,3,4,3,4,3,4,3,4,3,4,3,4,3,4
Feminino,Menos de 18,4,4,2,4,3,2,4,2,2,3,4,2,2,4,4,4,4,2,2,4,4,2,3,4,4,4,4,4,2,4,2,4,4,5,1,4
Feminino,Menos de 18,2,2,2,2,2,2,2,1,4,2,2,2,2,2,3,2,2,2,2,2,1,2,2,2,2,2,2,2,3,2,3,1,2,1,5,2
Masculino,18-24,4,5,3,2,2,1,4,5,5,5,3,3,3,4,2,5,4,2,4,4,2,3,2,4,3,5,5,5,4,4,3,5,3,4,5,5
Masculino,25-34,4,3,3,3,3,3,3,3,4,4,3,2,3,4,4,3,3,3,4,4,2,3,3,3,3,3,4,3,4,4,4,3,3,3,4,4
Masculino,25-34,2,1,1,2,2,3,2,1,1,5,1,1,1,3,3,3,2,1,3,5,1,1,1,2,2,3,2,1,1,5,3,4,3,1,1,5
Masculino,Menos de 18,4,3,2,3,3,4,2,2,3,2,2,3,3,4,4,3,2,2,3,2,2,3,3,3,4,3,3,2,2,4,4,4,2,2,2,4
Feminino,Menos de 18,4,4,4,4,4,2,3,2,1,4,4,3,3,4,4,3,4,3,1,5,3,2,4,3,4,3,4,2,2,5,4,3,4,2,1,5
Feminino,Menos de 18,4,3,2,5,4,1,4,5,2,4,4,2,1,5,3,4,5,4,3,5,3,2,5,5,3,5,5,5,2,5,3,5,5,5,4,5
Feminino,Menos de 18,4,3,4,4,3,4,4,3,4,5,4,3,3,4,3,4,4,3,4,4,3,3,4,4,4,5,4,3,4,5,3,4,4,3,4,5
Feminino,Menos de 18,4,4,4,3,4,3,3,2,2,3,3,2,2,4,3,2,3,2,2,3,3,2,4,4,4,2,3,2,2,4,3,3,3,4,3,4
Masculino,18-24,2,2,2,2,2,5,2,4,5,5,2,2,4,2,3,5,2,4,5,5,2,4,2,2,3,5,2,4,5,5,4,5,2,4,5,5
Masculino,45-54,4,3,3,4,4,4,4,2,3,3,4,4,4,4,4,4,4,4,3,3,3,4,4,4,4,4,4,4,3,4,4,4,4,4,3,4
Masculino,Menos de 18,4,5,3,3,4,1,4,2,3,5,4,2,2,4,5,4,4,2,3,5,4,2,3,4,5,4,4,2,3,5,5,5,4,2,5,5
Masculino,Menos de 18,4,4,3,4,4,1,3,5,3,4,4,3,2,4,4,3,3,3,3,5,3,4,4,4,3,4,3,4,4,5,3,5,4,5,3,5
Masculino,Menos de 18,5,4,4,4,4,5,4,3,3,5,4,4,4,3,4,5,3,4,3,5,4,4,4,3,4,5,5,4,4,5,4,5,4,4,3,4
Masculino,Menos de 18,5,4,2,3,4,2,4,3,4,5,5,4,3,3,4,3,4,3,4,5,4,3,3,3,4,4,4,3,4,4,4,4,3,3,4,5
Feminino,35-44,4,3,3,4,5,1,3,5,5,5,3,2,2,5,5,5,4,4,5,5,2,4,5,5,3,5,5,5,5,5,4,5,4,5,4,5
Feminino,Menos de 18,5,4,3,4,4,1,4,3,2,4,4,4,4,5,5,4,5,2,4,5,4,4,4,5,4,4,3,3,2,5,3,5,5,4,3,5
Masculino,Menos de 18,4,4,2,4,3,2,4,4,2,3,4,2,2,4,3,3,4,4,2,3,3,2,4,4,3,4,5,4,2,4,3,4,4,4,2,4
Feminino,Menos de 18,3,3,2,3,2,2,3,2,4,4,2,2,2,4,2,4,4,2,3,3,2,2,3,4,2,4,4,2,4,4,3,4,4,2,4,4
Masculino,Menos de 18,5,5,5,5,5,5,5,5,5,5,5,4,5,5,5,5,5,5,5,5,5,5,5,5,5,5,5,5,5,5,5,5,5,5,5,5
Masculino,Menos de 18,5,4,5,2,4,2,4,2,5,5,4,3,5,5,5,5,4,2,5,5,5,4,2,3,4,5,5,2,4,5,4,5,4,4,5,4
Feminino,Menos de 18,3,2,4,5,4,3,4,2,4,3,4,3,3,5,5,4,4,3,4,4,2,2,4,5,5,4,4,5,4,4,2,5,5,5,5,5
Feminino,45-54,3,4,3,3,3,2,3,3,3,3,3,2,2,3,3,3,3,4,3,3,3,2,3,3,3,4,3,4,3,3,3,4,4,2,3,3
Masculino,Maior de 55,5,4,2,4,4,2,4,2,2,4,4,2,2,5,4,4,4,1,2,4,3,2,4,5,4,4,3,2,2,4,3,4,4,2,2,4
Masculino,Menos de 18,5,4,3,4,3,3,4,4,3,4,4,3,2,4,2,4,5,3,3,3,4,4,4,4,4,3,4,4,2,4,4,4,3,4,3,5
Feminino,Menos de 18,3,3,3,3,2,2,3,2,4,2,3,3,2,3,2,3,3,2,4,2,3,3,3,3,3,3,3,2,3,2,2,3,3,3,3,3
Feminino,Menos de 18,4,4,3,3,4,3,4,2,2,5,4,3,3,5,4,4,4,2,3,5,4,3,3,5,4,4,4,2,2,4,4,5,5,3,2,5
Masculino,Menos de 18,4,4,3,4,3,1,4,3,3,4,4,3,3,4,3,5,4,3,1,3,3,1,4,5,3,4,5,3,2,2,3,4,4,4,3,5
Feminino,Menos de 18,3,2,3,4,3,2,3,3,3,2,2,2,2,3,2,3,2,3,4,3,2,2,1,3,4,3,3,2,2,4,2,3,3,2,3,4
Masculino,Menos de 18,4,4,3,4,4,4,3,5,4,3,3,3,4,4,4,3,4,4,5,3,4,4,4,5,4,3,4,5,4,4,4,5,4,5,2,3
Feminino,Menos de 18,3,3,3,4,3,3,4,3,3,3,4,3,2,4,3,4,4,3,3,4,3,2,4,4,3,4,4,3,3,4,3,4,4,3,3,4
Masculino,Menos de 18,5,5,3,5,4,4,5,5,3,5,5,1,2,5,5,3,3,1,2,5,3,2,5,5,5,5,4,4,3,5,5,5,4,4,3,5
Feminino,Menos de 18,4,3,4,3,3,3,3,4,2,5,4,3,4,4,3,2,3,4,2,4,3,4,3,3,3,2,3,4,3,4,3,2,4,4,4,5
Masculino,18-24,5,5,4,5,4,5,5,5,5,5,5,3,5,5,3,3,5,5,5,5,3,5,5,5,3,3,5,5,5,5,4,4,4,5,5,5
Feminino,Menos de 18,1,3,4,3,2,3,1,4,3,5,3,2,4,3,3,2,4,3,4,4,2,4,3,3,3,2,3,2,3,3,4,4,4,4,2,4
Feminino,25-34,4,4,3,4,4,4,4,4,4,5,3,3,3,4,4,4,4,4,4,5,3,2,4,4,4,4,4,4,4,5,4,4,4,4,4,5
Feminino,Menos de 18,2,2,4,2,2,3,2,1,2,2,2,4,4,4,3,1,2,2,3,2,4,2,2,4,4,2,3,2,4,3,3,2,2,1,4,2
Masculino,Maior de 55,5,2,2,2,3,2,4,3,3,2,3,4,4,3,2,3,2,3,4,3,4,4,4,3,3,3,2,3,3,4,4,4,3,1,3,4
Masculino,25-34,5,4,4,3,5,4,4,5,4,3,5,3,4,5,5,3,3,4,3,3,1,4,5,4,3,4,5,4,3,3,5,4,5,5,4,3
Masculino,Menos de 18,3,3,3,4,3,4,2,1,3,4,4,2,3,4,3,4,4,2,4,3,3,4,4,3,4,4,4,4,4,3,3,4,2,3,4,4
Feminino,Menos de 18,1,1,5,4,2,3,2,1,5,5,2,2,3,4,3,4,2,1,5,4,2,4,3,4,3,4,3,5,5,4,2,5,4,5,5,5
Feminino,Menos de 18,5,4,2,4,3,4,4,3,3,4,4,2,2,3,3,3,4,4,4,5,4,2,4,3,3,3,3,4,4,5,3,4,3,4,3,5
Masculino,18-24,4,4,2,4,4,2,3,5,4,5,4,1,2,4,4,4,4,5,1,4,2,1,4,4,4,4,4,4,2,4,4,5,4,4,3,4
Feminino,Menos de 18,5,5,5,5,5,5,5,5,5,5,5,5,5,5,5,5,5,4,5,5,4,5,5,5,5,5,5,5,5,5,4,5,5,5,5,5
Feminino,Menos de 18,4,2,4,3,3,2,2,4,4,3,3,3,4,2,4,2,3,3,4,3,2,2,2,3,3,2,2,4,4,4,4,4,2,3,4,4
Masculino,Menos de 18,4,5,4,4,5,2,3,2,4,3,4,2,3,4,4,2,3,2,4,4,4,3,4,4,5,2,2,2,2,3,5,3,4,2,5,5
Feminino,Menos de 18,4,4,4,4,3,1,4,2,4,5,3,2,3,3,3,5,3,2,4,5,3,4,4,3,4,5,4,2,3,5,2,5,3,3,4,5
Feminino,Menos de 18,4,3,4,2,3,3,4,4,3,4,2,4,3,2,3,3,3,4,4,3,2,3,3,3,4,3,3,5,4,4,4,3,2,5,3,4
Masculino,18-24,3,3,2,4,4,4,4,3,5,5,2,3,2,5,5,4,4,3,5,5,4,4,3,4,4,5,4,2,3,4,5,5,4,2,5,5
Feminino,Menos de 18,5,5,4,5,4,2,4,1,4,4,5,4,4,5,4,5,5,3,4,5,5,4,5,5,5,5,4,5,3,5,4,5,4,2,5,5
Masculino,Menos de 18,4,5,5,5,4,3,5,3,5,5,5,3,3,5,4,5,5,5,5,5,5,4,5,5,5,5,5,3,5,4,4,5,5,3,5,5
Feminino,Menos de 18,4,3,3,5,3,2,3,3,4,5,3,3,3,4,3,4,4,3,4,5,3,3,4,5,3,5,4,3,4,5,3,4,4,3,4,4
Masculino,45-54,4,4,2,3,4,2,3,5,3,3,5,2,2,4,4,4,3,4,3,3,4,2,3,4,4,4,3,4,2,3,5,4,3,4,4,3
Feminino,Menos de 18,4,2,4,3,2,2,4,4,4,4,3,3,4,4,3,3,2,3,5,3,3,4,3,3,2,4,2,3,3,3,4,4,4,3,5,4
Feminino,Menos de 18,4,2,3,5,1,1,3,1,5,3,2,2,2,5,1,4,3,1,5,3,1,2,5,5,2,4,2,5,4,3,1,4,5,1,5,3
Masculino,Menos de 18,4,4,5,4,5,3,4,5,5,4,3,3,3,3,5,5,5,3,5,5,4,4,4,5,4,4,5,4,4,4,4,5,3,4,5,4
Masculino,Menos de 18,4,4,3,3,3,2,4,2,3,4,4,2,2,4,4,3,3,2,3,4,4,2,4,3,4,4,3,3,3,5,4,3,4,3,3,5
Feminino,Menos de 18,5,4,2,4,4,1,4,1,1,5,5,2,2,5,4,5,5,2,4,5,4,2,4,4,4,5,4,3,2,5,4,4,4,4,1,5
Feminino,Menos de 18,4,3,3,5,4,2,4,1,5,4,3,1,1,4,4,2,4,1,5,4,3,2,5,4,4,2,4,2,4,4,3,4,4,2,5,4
Feminino,25-34,4,4,3,4,4,4,4,2,4,4,4,4,2,4,4,4,4,2,4,4,4,2,4,4,4,4,4,4,4,5,4,4,4,2,4,5
Masculino,Menos de 18,4,3,4,4,4,3,4,2,3,3,3,2,3,3,4,3,3,3,3,2,4,4,4,4,4,3,3,2,2,3,4,4,4,3,3,3
Feminino,Menos de 18,3,3,2,3,4,2,3,3,4,4,2,2,4,4,3,2,2,2,4,4,2,3,3,3,4,2,2,3,2,5,4,2,2,3,4,4
Feminino,25-34,4,4,4,4,3,2,3,4,4,2,3,2,4,3,2,3,2,4,2,3,3,4,3,3,2,4,2,2,2,3,4,3,3,2,4,4
Masculino,18-24,5,5,5,5,5,5,5,5,5,5,5,5,5,5,5,5,5,5,5,5,5,5,5,5,5,3,5,5,5,5,5,5,5,5,5,5
Masculino,25-34,4,5,2,4,4,2,3,4,4,5,5,4,1,4,4,3,4,4,2,4,4,4,4,4,4,4,4,4,3,4,4,4,4,4,1,5
Feminino,Menos de 18,5,4,4,4,4,4,5,2,5,5,4,4,3,5,4,5,5,2,5,5,4,4,4,5,4,5,5,2,5,5,4,5,5,4,5,5
Masculino,18-24,5,5,5,4,4,4,5,5,4,4,4,5,4,4,4,4,4,3,5,4,3,4,5,4,4,4,4,4,5,4,4,5,4,4,5,5
Feminino,Menos de 18,3,2,2,2,2,2,2,2,4,2,2,2,2,2,2,2,2,2,2,2,2,2,2,2,2,2,2,2,2,2,2,2,2,3,4,2
Masculino,Menos de 18,4,4,2,4,3,3,3,4,4,4,4,2,2,4,4,4,4,2,4,4,3,2,4,4,3,4,4,5,3,4,4,4,4,5,4,5
Masculino,25-34,4,4,4,4,4,4,4,5,4,4,4,4,4,4,4,3,3,5,5,4,3,4,4,4,4,3,4,5,4,4,4,4,4,5,5,4
Masculino,25-34,5,3,3,3,4,3,3,1,4,5,3,3,4,3,3,2,3,1,4,5,3,3,2,4,4,2,2,4,5,5,5,3,3,1,3,5
Feminino,Menos de 18,4,4,2,4,3,2,2,2,4,3,4,2,2,4,3,4,4,2,4,4,3,2,4,4,3,4,4,2,2,4,4,4,4,4,4,4
Masculino,Menos de 18,4,4,4,4,4,2,4,3,4,4,4,4,4,4,4,3,4,4,4,4,4,4,4,4,4,4,4,4,4,4,4,4,4,4,4,4
Masculino,Menos de 18,5,4,3,4,4,2,4,2,2,2,4,3,3,3,4,3,3,2,3,3,4,3,4,3,4,4,3,5,2,4,4,5,3,4,1,3
Feminino,18-24,3,3,4,4,3,2,4,3,3,3,3,2,3,4,3,3,3,3,4,5,3,3,4,4,3,3,3,3,4,3,3,4,4,3,4,5
Feminino,Menos de 18,4,3,3,4,4,2,4,1,4,4,3,3,4,5,4,3,4,1,4,4,3,4,4,5,4,4,4,1,3,5,4,4,4,3,5,5
Feminino,Menos de 18,5,5,3,5,4,1,5,5,3,5,5,4,4,5,4,1,5,4,4,5,5,4,5,5,4,1,5,5,5,5,4,2,5,5,5,5
Masculino,Menos de 18,4,2,2,4,2,2,2,4,4,4,4,2,4,4,4,4,4,4,4,4,4,2,2,4,4,4,3,4,4,4,2,2,4,1,4,4
Feminino,Menos de 18,4,4,2,5,3,5,4,2,4,5,4,2,1,4,3,5,4,1,4,3,3,2,4,5,5,5,4,1,2,4,4,5,4,2,4,5
Feminino,25-34,3,5,5,5,5,5,5,5,5,5,5,3,5,4,3,2,2,4,5,5,5,5,3,5,5,5,5,5,5,5,5,4,4,5,5,5
Masculino,25-34,5,1,4,4,5,5,3,1,5,5,2,5,5,1,5,4,3,4,5,1,5,5,5,5,2,4,5,5,2,5,5,5,5,3,5,5
Feminino,18-24,4,2,2,2,2,4,4,4,5,3,2,2,2,4,4,4,4,4,4,2,3,2,2,2,4,4,4,3,2,3,2,2,2,4,2,4
Feminino,25-34,4,2,2,5,4,4,4,4,4,4,3,4,4,3,4,5,5,5,5,5,5,5,4,5,4,4,3,3,3,3,4,4,4,5,3,4
Masculino,18-24,4,4,3,3,2,2,4,1,4,3,4,3,3,2,3,2,3,3,4,4,4,3,2,3,3,3,3,4,4,4,3,2,3,4,2,3
Masculino,18-24,4,2,4,4,3,4,1,3,4,4,3,4,4,3,4,4,3,3,4,3,4,4,3,4,3,3,4,3,3,4,4,3,4,4,3,4
Feminino,25-34,4,2,2,4,2,2,2,4,2,2,2,4,4,2,4,2,4,1,2,2,4,4,2,4,2,2,2,1,1,4,4,2,4,2,2,3
Masculino,25-34,4,3,3,3,4,4,4,4,4,4,2,3,3,2,2,4,4,4,4,2,3,3,4,3,4,4,4,4,3,4,4,4,3,4,4,4
,,2,2,2,2,4,2,2,2,2,2,2,2,2,4,2,4,2,2,2,2,2,2,4,2,4,2,2,2,2,2,2,4,2,4,2,2
Masculino,18-24,3,2,4,2,3,4,5,3,2,2,4,3,4,3,2,4,3,2,3,2,4,5,3,2,4,3,2,2,2,3,4,3,2,4,3,2
Masculino,25-34,4,4,4,4,3,4,3,3,4,4,2,4,2,2,4,2,3,2,3,2,3,2,3,4,3,4,3,2,2,3,2,3,4,2,2,3
Feminino,Menos de 18,5,1,4,4,5,4,5,4,5,5,2,3,4,1,3,5,3,4,5,3,2,4,5,3,5,3,4,2,1,3,4,5,4,5,1,4
Feminino,25-34,3,2,4,3,4,4,2,2,4,4,4,4,4,3,3,2,3,3,3,3,4,4,5,5,2,3,3,4,4,4,3,5,5,2,3,3
Masculino,18-24,4,4,4,4,3,4,3,2,4,4,4,3,4,4,3,4,3,3,4,4,3,4,3,4,3,3,4,3,3,4,3,4,3,3,2,4
Masculino,18-24,3,4,5,4,4,4,5,4,4,3,4,4,4,2,4,4,4,3,4,4,3,4,4,3,3,3,4,3,3,4,4,4,3,4,5,4
Masculino,25-34,5,1,5,5,5,5,4,5,5,5,2,5,5,5,5,2,5,5,5,1,5,5,5,5,4,5,5,5,1,5,5,5,5,4,4,4
Feminino,Menos de 18,5,3,3,3,5,4,2,2,4,5,4,4,3,1,4,2,2,3,4,4,3,3,5,3,3,3,3,4,4,3,3,5,3,2,5,3
Feminino,18-24,4,3,4,3,4,3,2,3,1,3,2,3,1,4,3,4,3,1,3,3,2,2,4,3,3,3,1,3,3,3,1,4,3,2,3,1
Feminino,18-24,4,5,4,5,2,5,2,3,5,4,4,4,4,5,5,2,3,4,2,4,5,4,4,4,2,3,4,3,2,2,4,2,4,1,1,4
Masculino,18-24,4,2,5,3,4,4,5,4,4,4,4,5,4,2,3,5,4,3,4,3,4,4,5,5,5,4,4,3,3,3,4,4,3,5,4,3
Masculino,18-24,4,1,3,4,5,4,5,4,4,4,3,3,4,3,4,4,4,4,3,3,4,4,5,4,4,4,5,4,3,4,4,5,4,4,4,4
Feminino,18-24,5,2,4,3,2,3,4,4,5,4,4,4,3,5,4,4,4,4,5,3,4,3,2,3,4,4,4,4,3,4,3,2,3,4,4,4
Feminino,18-24,4,2,4,4,2,3,2,4,3,3,4,4,2,3,3,2,4,4,4,4,4,4,3,2,2,4,4,4,4,4,5,3,4,2,4,5
Masculino,35-44,5,1,5,5,3,5,5,1,5,5,1,5,5,3,5,5,1,3,5,5,5,5,3,5,5,1,1,1,3,5,5,3,5,5,1,3
Feminino,25-34,5,2,2,4,2,4,4,3,3,4,2,4,4,4,4,4,3,2,3,5,2,4,2,2,4,3,3,4,5,3,4,2,3,5,4,3
Masculino,18-24,3,3,4,4,5,5,4,3,3,3,3,4,4,4,5,4,3,3,4,4,4,4,4,5,3,3,3,3,4,4,4,4,4,4,3,3
Masculino,18-24,4,2,1,2,4,2,4,1,4,4,3,2,2,4,2,2,2,4,3,4,1,3,3,3,2,2,3,3,2,2,4,2,2,2,2,3
Feminino,18-24,5,2,5,2,4,4,4,2,4,5,1,4,4,1,5,2,3,4,5,1,4,2,5,4,3,2,4,2,1,3,2,5,4,4,3,4
Feminino,18-24,5,1,5,5,2,4,2,5,5,4,5,4,5,1,3,2,5,4,5,1,5,5,1,4,2,1,4,5,4,5,5,1,4,2,5,5
Masculino,18-24,4,1,4,4,4,4,4,4,4,4,2,4,4,2,3,4,2,3,4,2,4,4,4,4,4,4,3,3,4,4,4,4,4,4,3,3
Masculino,18-24,4,3,4,3,4,4,5,3,3,4,2,4,4,3,4,5,3,3,4,2,3,4,3,4,5,3,4,3,2,3,3,3,4,5,2,4
Masculino,18-24,5,1,4,3,4,4,5,2,5,4,4,4,3,5,5,3,3,4,3,2,4,4,4,4,4,2,3,4,2,3,2,4,4,5,2,3
Masculino,18-24,5,3,4,4,4,4,4,3,3,4,3,4,4,3,3,5,3,3,4,3,4,4,4,3,4,3,3,4,3,4,4,4,4,5,3,3
Masculino,18-24,2,3,4,3,3,4,4,3,3,3,4,4,3,4,4,2,2,2,4,4,3,4,2,4,4,3,4,3,4,4,3,3,4,3,2,2
Masculino,35-44,4,4,4,4,3,4,3,2,4,4,2,3,3,3,3,4,2,2,4,3,3,4,3,3,2,2,3,4,4,3,3,3,4,4,2,4
Feminino,18-24,4,4,3,4,3,4,2,4,3,1,5,3,3,2,4,3,2,1,1,5,2,3,2,2,2,3,1,1,5,3,4,4,3,2,1,2
Masculino,18-24,3,3,3,3,4,1,1,2,4,4,4,3,3,1,3,2,3,4,3,2,4,4,5,5,3,3,4,3,2,3,3,5,4,2,3,5
Feminino,18-24,4,2,2,4,1,4,2,4,3,4,3,3,4,4,4,2,4,3,4,3,4,4,1,4,4,4,3,3,3,3,4,1,4,2,4,3
Feminino,18-24,4,2,2,4,4,4,4,2,2,4,4,2,2,2,4,4,2,2,2,4,4,4,4,4,2,2,2,2,4,2,4,4,2,4,2,3
Masculino,25-34,4,2,1,5,4,4,3,1,2,3,1,1,4,3,4,2,1,1,4,2,5,4,1,3,2,1,1,3,5,4,5,2,3,3,2,1
Masculino,18-24,2,4,2,1,4,3,2,5,5,2,5,2,2,4,2,2,4,4,2,2,2,2,2,2,2,4,2,1,4,2,1,2,1,2,4,3
Masculino,35-44,4,3,5,5,5,5,2,2,4,5,4,5,5,5,5,2,2,3,5,3,5,5,4,5,2,2,4,4,3,5,5,4,5,2,2,3
Masculino,18-24,4,2,4,5,5,3,4,4,4,4,2,4,4,4,5,2,4,3,4,2,4,5,4,4,2,4,3,3,2,4,5,4,4,2,4,3
Feminino,35-44,4,4,4,4,4,4,3,4,2,2,4,4,4,2,2,2,2,2,2,4,3,4,2,2,3,2,3,2,2,2,4,2,3,2,2,2
Masculino,35-44,4,4,4,4,4,4,3,3,2,3,3,4,4,2,3,3,2,2,3,2,3,4,4,4,3,2,2,3,2,3,4,4,4,3,2,2
Feminino,25-34,4,1,5,4,5,4,1,4,1,4,2,4,4,1,4,1,3,2,4,1,4,4,4,4,1,2,2,2,1,4,4,4,4,1,2,2
Feminino,25-34,4,2,4,4,3,3,2,4,2,2,4,4,4,2,2,2,2,2,2,4,4,3,2,3,2,2,2,2,4,4,4,2,2,2,3,2
Masculino,25-34,3,3,3,3,3,3,3,3,3,4,4,4,3,4,3,3,4,4,4,4,4,4,4,3,3,3,3,3,3,3,3,3,3,3,3,3
Feminino,Menos de 18,2,3,1,1,3,2,2,3,4,2,4,3,1,3,3,2,4,2,1,3,3,1,2,2,3,3,2,2,3,2,3,2,2,4,4,4
Masculino,45-54,4,3,3,2,3,2,3,3,4,4,3,2,3,2,3,3,3,3,3,2,3,4,3,3,2,3,4,4,3,3,3,3,3,3,3,4
Feminino,18-24,4,3,2,4,4,4,2,3,4,3,3,4,2,2,4,2,4,3,2,2,4,4,2,4,2,4,3,2,2,4,3,2,4,2,4,4
Masculino,35-44,5,2,4,4,4,4,4,3,4,4,4,4,4,3,4,4,3,4,4,4,4,4,3,4,2,3,4,4,3,4,3,2,2,4,4,4
Feminino,25-34,5,4,2,4,4,2,1,3,2,5,4,3,4,2,3,1,3,2,5,4,4,4,2,4,1,1,1,4,4,2,4,2,4,1,1,2
Masculino,35-44,4,3,4,3,4,4,4,3,4,4,3,4,3,3,4,4,3,3,4,3,4,4,4,3,4,3,3,2,2,4,4,4,3,4,3,4
Masculino,25-34,4,2,2,2,3,3,2,4,4,4,3,4,3,2,3,2,4,4,4,3,3,4,2,3,2,3,3,3,3,3,3,2,3,2,4,4
Feminino,25-34,4,2,4,3,3,4,4,4,1,2,3,4,3,2,4,4,3,1,3,2,4,3,3,3,2,1,1,3,4,3,1,2,3,3,5,1
Masculino,18-24,3,3,3,2,4,3,4,2,2,3,4,2,4,3,4,3,3,3,4,4,3,4,4,2,3,3,3,3,4,2,4,4,4,3,3,3
Feminino,18-24,5,3,2,4,4,5,1,3,4,4,3,4,3,1,4,1,3,2,2,4,4,4,4,4,2,3,3,1,3,2,2,4,3,1,3,1
Masculino,25-34,4,3,4,3,3,4,3,4,4,3,3,3,3,2,3,2,4,3,3,3,3,3,2,3,3,3,3,3,3,3,2,3,3,2,3,4
Feminino,35-44,4,2,2,4,3,4,2,2,4,3,2,4,4,2,5,2,2,3,4,2,4,4,2,4,2,2,3,2,2,4,4,2,4,2,2,3
Feminino,25-34,5,4,4,4,3,3,3,3,3,3,3,4,4,4,3,2,3,3,3,3,3,3,3,4,3,2,3,2,2,2,2,3,2,2,3,3
Masculino,18-24,5,2,3,4,2,4,3,4,5,5,4,4,4,5,4,5,5,3,4,3,5,4,3,4,2,4,3,2,3,2,5,4,5,5,4,5
Feminino,45-54,5,1,5,4,5,5,5,4,3,5,1,5,5,5,5,2,3,3,5,1,5,4,5,5,2,3,2,4,1,2,4,5,5,3,3,2
Masculino,18-24,3,2,2,3,5,3,5,1,3,3,2,3,3,1,4,5,2,3,3,2,1,3,4,3,3,2,3,2,2,2,4,4,4,5,1,2
Masculino,35-44,5,3,4,4,5,5,1,3,3,1,3,5,4,1,4,1,3,1,3,2,3,3,4,3,2,3,1,1,1,3,4,5,4,1,3,1
Masculino,18-24,5,1,5,5,5,5,5,1,3,3,5,5,3,4,5,5,1,5,4,5,5,5,5,5,5,1,5,3,5,5,4,4,4,5,1,3
Masculino,35-44,5,1,5,3,5,3,2,3,2,2,3,2,3,3,2,3,2,1,2,5,1,1,2,2,2,2,2,1,5,2,2,2,2,3,2,2
Feminino,25-34,5,4,4,4,4,4,2,2,4,3,2,4,4,1,2,3,3,4,3,3,4,4,3,4,5,3,5,2,2,3,4,4,3,3,2,5
Feminino,18-24,4,2,2,4,3,4,2,4,4,3,2,3,4,2,3,2,4,3,3,2,4,4,2,3,2,2,3,2,2,4,2,3,4,2,2,3
Masculino,25-34,4,2,3,5,4,5,5,3,4,4,3,4,4,4,2,5,2,3,4,2,3,4,5,5,5,3,2,3,2,4,4,4,4,4,3,3
Masculino,18-24,4,4,2,4,5,5,5,2,3,2,2,2,4,4,4,4,2,2,4,4,4,4,4,4,4,2,3,3,2,4,4,4,4,4,2,2
Feminino,18-24,4,1,3,4,4,4,2,4,5,4,4,3,3,2,3,2,4,4,4,3,3,4,4,4,1,2,4,4,2,3,4,4,4,2,5,5
Masculino,18-24,4,4,4,4,4,4,4,4,3,2,3,4,3,3,2,2,4,4,4,3,3,4,4,4,2,3,5,4,4,4,5,4,4,2,4,4
Masculino,25-34,4,4,4,5,4,5,5,1,3,4,3,4,4,4,4,4,1,3,4,4,4,4,4,4,4,1,1,3,4,4,4,4,4,4,3,3
Masculino,25-34,3,3,4,4,3,3,4,3,4,3,4,4,3,4,3,4,3,4,3,3,4,3,3,3,4,2,3,2,3,2,2,2,3,4,2,3
Feminino,35-44,4,2,3,5,2,3,4,2,3,4,2,4,4,2,3,4,2,3,3,2,3,4,2,3,4,3,2,3,2,4,4,2,3,4,2,2
Feminino,45-54,4,1,5,5,5,5,5,3,3,5,3,5,5,5,5,5,3,3,5,1,5,5,5,5,5,3,3,5,1,5,5,5,4,5,3,3
Feminino,18-24,5,3,4,5,5,4,4,3,4,5,5,4,4,4,4,3,2,4,4,3,3,4,4,3,3,4,4,4,3,2,4,4,4,4,3,4
Masculino,18-24,2,3,3,4,3,4,4,4,4,3,4,4,4,3,4,4,4,4,4,4,3,4,3,4,4,4,3,3,1,4,4,3,4,4,2,3
Masculino,25-34,4,2,4,3,4,2,4,4,4,4,2,3,4,2,2,4,4,4,5,2,5,4,3,3,4,2,4,5,2,4,4,4,4,4,2,3
Masculino,25-34,4,4,1,1,2,4,3,2,4,3,3,4,2,4,2,4,2,4,4,5,2,2,1,1,5,1,4,3,5,2,2,2,1,4,3,5
Feminino,25-34,4,2,4,4,1,3,4,1,3,4,2,3,3,3,4,5,1,2,4,2,4,4,2,3,5,2,3,2,2,3,4,2,4,5,1,1
Feminino,25-34,5,4,4,4,4,4,4,4,4,4,4,4,4,4,4,4,4,4,4,3,3,4,4,4,4,4,4,4,4,4,4,4,4,4,4,4
Feminino,25-34,1,1,1,1,1,1,1,1,1,1,1,1,1,1,1,1,1,3,3,1,1,1,3,3,3,3,3,3,3,3,3,3,2,3,3,4
Masculino,25-34,3,2,4,4,4,4,2,2,4,4,2,4,4,2,4,4,2,3,4,3,4,3,4,4,3,4,3,3,2,4,3,3,4,3,2,3
Feminino,25-34,4,3,4,4,5,5,5,3,3,4,2,4,4,4,4,4,2,3,3,2,4,4,4,4,4,2,4,3,2,4,4,5,4,4,2,3
Feminino,18-24,3,2,3,3,2,3,2,4,3,3,4,3,3,4,2,2,4,2,2,4,3,4,3,3,2,1,2,2,4,2,3,2,2,4,2,3
Feminino,18-24,3,2,3,3,2,3,2,4,3,3,4,3,3,4,2,2,4,2,2,4,3,4,3,3,2,1,2,2,4,2,3,2,2,4,2,3
Feminino,25-34,4,4,2,2,2,4,4,2,4,4,4,4,3,4,3,4,2,4,4,4,3,2,2,4,4,2,4,3,3,2,2,2,4,4,2,4
Masculino,25-34,5,1,2,4,4,5,5,5,5,5,5,5,4,5,5,5,5,5,5,2,2,2,5,3,3,3,3,3,3,3,3,3,3,3,4,2
Masculino,25-34,4,3,2,3,5,5,3,1,5,3,2,3,1,2,3,2,2,4,3,5,3,3,4,3,3,3,4,3,3,3,3,3,4,1,2,3
Feminino,25-34,4,2,4,4,3,4,4,3,3,3,3,4,4,4,4,4,2,3,3,3,4,4,2,2,3,2,3,3,4,3,3,3,3,3,2,2
Masculino,25-34,4,3,3,3,1,2,2,1,2,1,1,4,3,3,3,4,1,1,4,4,3,4,1,2,4,1,1,4,4,4,3,1,3,4,1,2
,,5,3,3,3,2,4,4,3,3,3,3,3,3,2,4,4,3,3,3,2,3,3,2,2,3,3,3,3,3,3,4,2,3,4,3,3
Masculino,25-34,4,2,4,4,3,4,4,4,3,4,3,4,4,3,4,4,3,5,5,2,5,4,3,3,4,4,4,3,2,5,4,3,3,5,4,4
Masculino,18-24,4,2,4,3,4,4,4,1,4,3,2,3,4,4,4,4,2,3,4,2,3,3,4,4,2,4,3,3,2,3,3,4,4,4,4,4
Feminino,18-24,4,1,4,4,4,4,4,3,4,2,4,4,2,1,2,4,3,2,4,1,4,4,2,2,4,2,3,2,2,4,2,4,4,4,4,4
Masculino,25-34,4,3,3,4,5,4,4,2,5,4,4,4,4,4,4,4,2,4,4,4,2,4,5,4,4,2,4,3,4,4,4,5,4,4,2,4
Masculino,25-34,5,5,4,4,5,5,5,4,5,5,5,5,5,5,5,5,5,5,5,2,5,5,5,5,5,5,5,5,2,5,5,5,5,5,5,5
Feminino,25-34,4,2,4,4,4,4,2,4,4,3,3,3,3,3,4,2,4,2,2,3,4,4,3,2,2,4,2,3,4,4,3,3,2,2,2,3
Prefiro n√£o Responder,25-34,2,2,3,2,5,3,2,3,2,3,3,2,3,5,3,2,3,2,3,2,3,2,4,3,2,3,2,2,2,3,2,4,3,2,3,2
Masculino,18-24,4,2,4,4,4,4,4,4,4,3,3,4,4,2,4,4,3,3,4,3,4,4,3,3,4,3,3,3,2,2,4,4,4,4,3,3
Feminino,Mais de 55,4,4,5,4,4,4,4,4,4,5,4,4,5,5,4,4,3,3,4,3,4,4,4,4,3,3,3,4,4,4,3,4,4,4,3,3
Masculino,35-44,3,3,4,4,4,4,1,3,4,4,2,4,3,3,4,4,3,4,4,4,4,4,4,4,4,4,4,4,3,4,4,4,4,4,4,4
Masculino,25-34,4,1,4,3,5,4,5,3,4,3,2,4,3,5,3,4,3,2,3,2,4,4,4,3,3,2,2,3,2,4,4,5,5,4,4,4
Feminino,25-34,4,2,4,4,4,4,4,3,4,4,3,4,4,4,4,4,3,3,4,3,4,4,4,4,4,3,4,4,3,3,4,4,4,4,3,4
Masculino,Mais de 55,4,1,4,4,5,2,5,3,3,3,4,3,3,1,4,4,4,3,4,2,4,4,4,3,3,4,4,3,1,4,4,5,3,4,4,3
Feminino,45-54,4,2,2,4,4,4,5,1,3,4,1,4,4,1,4,5,1,2,4,1,4,4,4,3,2,4,2,4,1,3,5,4,3,5,2,2
Masculino,25-34,4,2,4,5,2,4,1,1,3,5,5,5,5,2,4,1,2,2,4,4,5,5,2,4,2,2,2,2,4,4,5,2,4,1,2,3
Masculino,18-24,5,4,4,5,5,5,2,4,4,4,4,4,5,5,5,1,4,3,5,3,5,4,4,4,1,3,3,4,2,5,4,4,4,1,3,3
Masculino,25-34,5,4,4,4,3,2,5,2,1,2,3,4,5,2,4,5,2,1,2,4,2,4,2,4,4,2,1,2,4,3,5,4,4,4,4,2
Masculino,18-24,4,2,4,4,4,4,3,1,4,4,2,4,4,1,5,2,2,2,5,2,4,4,3,4,2,2,2,4,2,4,5,4,4,2,2,3
Masculino,18-24,4,2,4,4,3,4,4,4,2,4,2,4,4,3,4,3,4,2,4,2,4,4,3,4,4,4,2,3,2,4,4,3,4,4,2,3
Feminino,18-24,5,3,4,4,5,4,2,1,2,4,4,2,2,1,2,2,2,4,4,4,2,3,4,2,2,2,3,4,4,2,2,5,2,2,2,2
,,5,3,2,3,4,3,5,5,3,3,3,3,3,2,3,5,4,5,5,2,3,3,4,4,2,4,4,3,2,3,3,4,4,5,4,4
Feminino,25-34,3,3,3,3,4,4,4,2,3,3,2,2,3,4,3,4,2,3,3,2,2,3,3,3,4,2,3,3,2,3,3,4,3,4,2,2
Masculino,18-24,4,1,4,4,5,4,5,3,5,3,1,4,5,3,3,5,1,2,4,3,1,4,1,2,5,1,2,1,2,3,3,1,4,5,2,3
Feminino,25-34,4,2,2,4,2,2,5,2,3,3,2,2,4,3,2,5,2,3,4,2,2,4,2,2,5,2,3,3,2,3,4,2,2,5,1,4
Masculino,Mais de 55,5,1,4,5,5,5,4,3,5,5,5,4,5,2,5,2,4,3,5,1,4,5,4,5,1,4,4,5,1,4,5,4,5,2,2,4
Masculino,25-34,4,2,4,4,4,4,2,3,4,3,3,3,4,2,3,2,2,4,4,4,4,4,4,3,2,2,4,2,4,4,4,4,2,2,2,3
Feminino,35-44,5,2,4,3,4,4,4,1,2,4,2,4,3,2,2,4,1,2,4,3,2,3,3,2,4,2,2,4,2,2,3,3,4,4,1,2
Feminino,25-34,2,2,4,4,2,4,4,3,3,4,2,4,4,4,4,4,3,3,4,3,4,4,2,4,4,3,3,3,2,4,4,2,3,4,4,3
Masculino,35-44,4,2,4,4,4,4,3,2,4,4,4,4,4,2,4,2,3,4,4,2,4,4,4,4,2,4,4,4,2,4,4,4,4,3,4,4
Masculino,35-44,4,2,4,4,4,4,2,2,4,4,4,4,4,2,4,4,4,4,3,2,4,4,4,4,4,4,4,3,2,4,4,4,4,4,4,4
,,5,2,4,5,5,4,4,3,5,4,5,5,5,3,5,4,3,5,5,2,4,4,4,5,3,4,5,5,1,5,5,4,4,4,3,5
,,3,3,4,4,3,3,5,3,3,3,3,4,4,3,4,5,3,3,3,3,4,4,3,4,5,3,3,3,3,4,4,3,4,5,3,3
Feminino,25-34,4,4,3,4,3,4,2,1,5,3,4,3,4,2,4,3,2,4,4,4,4,4,3,3,3,3,3,2,3,3,3,4,4,3,4,4
Feminino,25-34,4,2,4,4,4,4,4,3,4,4,4,4,4,3,4,3,3,3,4,3,4,4,3,3,2,2,3,3,3,3,3,3,4,4,3,3
Masculino,25-34,3,2,4,3,3,3,4,4,3,3,2,3,3,4,4,4,4,3,3,3,4,3,3,3,2,4,3,3,3,3,3,3,2,4,4,3
Masculino,25-34,5,2,5,4,3,5,4,3,3,2,2,5,4,4,4,3,3,2,4,2,5,4,2,4,4,2,3,2,2,5,4,4,4,3,2,2
Feminino,18-24,2,2,4,4,3,4,2,3,4,4,3,4,4,3,3,2,2,2,3,2,4,4,2,3,3,2,3,2,2,4,4,2,4,2,2,3
Feminino,25-34,2,1,3,4,4,4,2,2,3,2,2,3,4,2,3,1,2,2,3,2,3,4,3,2,1,2,2,2,1,2,4,3,2,1,2,2
Masculino,35-44,3,4,2,2,2,4,4,4,4,4,4,2,2,4,4,2,4,3,5,4,2,2,2,4,4,4,3,3,4,2,2,2,4,4,2,2
Feminino,25-34,3,2,2,3,2,2,3,3,3,2,2,4,3,4,4,4,4,2,2,4,4,4,2,2,2,2,3,2,4,2,2,2,4,1,4,3
Masculino,18-24,3,2,4,3,3,3,5,4,5,4,4,3,4,5,4,5,5,4,5,5,2,3,2,2,3,5,4,2,4,2,3,2,2,1,4,5
Masculino,18-24,5,3,5,4,5,5,5,1,4,5,3,5,4,2,5,2,1,3,5,1,5,5,4,5,2,3,4,5,1,5,5,4,5,5,1,4
Masculino,18-24,5,2,5,5,5,5,5,4,5,5,4,4,3,5,5,5,4,5,5,2,5,4,5,5,5,5,5,3,2,4,4,5,5,5,4,5
,,3,2,3,2,4,4,3,2,3,2,4,3,2,5,2,2,3,4,2,3,2,2,3,3,2,2,3,2,2,4,2,3,4,2,3,3
Masculino,25-34,5,2,4,3,4,4,2,4,4,5,4,3,4,2,4,2,4,5,4,2,3,4,2,2,1,4,5,4,4,4,4,3,3,1,2,5
Feminino,35-44,4,3,4,3,4,4,3,3,4,3,3,4,4,2,3,4,3,3,4,3,4,4,4,3,3,3,4,4,3,3,4,3,3,4,3,3
Masculino,18-24,4,2,3,3,3,4,4,1,4,4,1,4,4,3,4,5,1,3,4,3,4,4,3,4,2,1,3,3,3,4,4,3,4,5,1,3
Masculino,18-24,3,2,4,3,1,2,1,4,3,4,3,2,2,2,3,1,4,2,2,2,1,3,1,2,2,1,1,1,2,1,2,2,2,1,2,3
Masculino,18-24,3,2,2,1,2,5,2,4,3,4,3,2,1,2,5,1,2,3,1,4,5,2,3,2,2,4,3,2,2,4,2,2,3,1,2,3
Feminino,25-34,4,1,4,4,5,4,5,2,3,4,4,4,4,4,4,4,3,3,4,1,5,4,5,4,5,3,3,4,1,4,4,4,4,5,3,2
Feminino,Mais de 55,3,5,5,3,2,5,5,3,5,3,5,5,3,5,5,5,3,3,3,5,5,5,3,5,5,3,3,3,5,5,5,2,5,5,3,3
,,5,1,2,4,4,5,2,2,3,4,2,4,2,2,5,2,2,4,4,2,2,4,4,4,2,2,3,2,2,4,4,4,4,2,2,2
Masculino,45-54,4,2,4,4,5,4,5,3,4,2,4,5,4,4,4,5,2,3,4,5,5,5,4,4,5,4,3,4,4,5,4,4,5,5,3,2
Feminino,35-44,5,1,5,4,5,5,5,3,4,5,4,5,4,4,5,4,3,4,5,1,5,5,4,4,2,3,4,5,2,5,5,4,4,4,3,4
Masculino,18-24,5,1,4,4,5,4,3,1,5,4,3,4,4,5,4,5,1,3,4,3,5,5,5,4,4,1,3,3,2,4,4,5,5,4,1,3
Feminino,25-34,4,1,4,4,4,4,2,4,5,4,4,4,4,1,4,2,3,4,4,1,4,4,4,4,4,4,4,4,1,3,4,4,4,2,2,4
Feminino,35-44,5,5,4,4,4,4,3,2,3,4,4,3,4,4,3,3,3,3,4,4,4,4,3,3,2,3,4,3,4,3,4,3,3,4,3,4
Feminino,45-54,3,2,3,3,4,3,1,4,2,3,4,1,2,4,2,1,4,1,2,3,2,2,3,3,2,4,2,3,2,2,2,3,3,2,3,2
